sim_id,true_ey1,true_ey0,true_ate,main_ey1,main_ey0,main_ate,ml_ey1,ml_ey0,ml_ate
501,0.21179466827707058,0.33085692805681616,-0.11906225977974558,0.20138525310099803,0.3400568252042051,-0.13867157210320707,0.20894136548492095,0.31614641995471593,-0.10720505446979497
502,0.23106006041386848,0.3381923735124904,-0.1071323130986219,0.22384950111073265,0.33975323511035627,-0.11590373399962361,0.23038186457918203,0.3207254764068099,-0.09034361182762785
503,0.22334324770054786,0.3436965866346413,-0.12035333893409345,0.21593313694712962,0.34630001972791546,-0.13036688278078584,0.2221151686427752,0.326702286603084,-0.10458711796030878
504,0.26154153769254945,0.3562744394442984,-0.09473290175174892,0.25030282778427504,0.358687296676645,-0.10838446889236997,0.26277275100432035,0.3368522299755656,-0.07407947897124523
505,0.25766484391596944,0.3475164144032395,-0.08985157048727005,0.24263454488901234,0.3585706826725915,-0.11593613778357917,0.25890264230812005,0.3307557072495344,-0.07185306494141436
506,0.23511070037281354,0.33908549238802094,-0.1039747920152074,0.22545949528413803,0.33852031684004236,-0.11306082155590433,0.23220262808686992,0.31304912501315785,-0.08084649692628793
507,0.25251479200238736,0.34148566351729065,-0.0889708715149033,0.23962238880776096,0.3542216060170326,-0.11459921720927166,0.25110457970052114,0.323038154823002,-0.07193357512248089
508,0.23106867988111188,0.32828819991767916,-0.09721952003656728,0.21594452548642404,0.34205181175531024,-0.1261072862688862,0.22727268518246857,0.3138632005710152,-0.08659051538854662
509,0.23035665412328074,0.3505831047443241,-0.12022645062104334,0.21826758731121954,0.3583550829572181,-0.14008749564599854,0.21807411531549709,0.33614811500728986,-0.11807399969179277
510,0.24611906168401274,0.3155062929783327,-0.06938723129431998,0.22725267609752542,0.3280299530813899,-0.10077727698386446,0.23076399295186337,0.3039143411571442,-0.07315034820528085
511,0.2249202246320921,0.33398270661086066,-0.10906248197876856,0.2117930422394933,0.3416919958625475,-0.1298989536230542,0.2140709590316346,0.31731806857880723,-0.10324710954717264
512,0.2157256760010383,0.34102490709780797,-0.12529923109676966,0.20711914467820264,0.3457467028600514,-0.13862755818184874,0.22237012188109725,0.32436081166116143,-0.10199068978006418
513,0.20551347532935324,0.3451060174527674,-0.13959254212341418,0.19349281211680014,0.3524463908964831,-0.15895357877968297,0.2019394766837991,0.3325528769782771,-0.13061340029447802
514,0.2091074512878172,0.35067026883556945,-0.14156281754775227,0.19823678918154403,0.3516713080713339,-0.15343451888978987,0.20195460480438776,0.3314981697102958,-0.12954356490590802
515,0.245852379148628,0.33925683994272077,-0.09340446079409276,0.23607075374677675,0.3482965844028996,-0.11222583065612288,0.2566601302880366,0.32117877591217076,-0.06451864562413417
516,0.21458504279967944,0.34824300167844036,-0.13365795887876092,0.2031248920850858,0.3565633380035507,-0.15343844591846492,0.217161385962367,0.33174299699435317,-0.11458161103198616
517,0.2224007870919663,0.33804067351943534,-0.11563988642746903,0.21253604323785052,0.3412161650182773,-0.12868012178042676,0.2163600400401265,0.31895032286525865,-0.10259028282513216
518,0.2252432886227942,0.36154683194229287,-0.13630354331949868,0.2125787028217667,0.3711533804886335,-0.1585746776668668,0.22676616552701967,0.34831272177759515,-0.12154655625057548
519,0.23610353721263763,0.3207699426034765,-0.08466640539083889,0.22467552809375738,0.3288094788963594,-0.10413395080260204,0.23278225212334708,0.31356577921130185,-0.08078352708795478
520,0.25471934353208403,0.3416908382675292,-0.08697149473544519,0.2424229445475625,0.35095390366372226,-0.10853095911615976,0.2587512922284476,0.3268127433464754,-0.0680614511180278
521,0.23644535332472233,0.3543441885476392,-0.11789883522291689,0.22362094680357786,0.3609440207797995,-0.13732307397622162,0.24330173172431008,0.34218101870715906,-0.09887928698284898
522,0.23332320074688703,0.3423942006281051,-0.10907099988121807,0.22542753196863288,0.3471166703486593,-0.1216891383800264,0.2257556491549827,0.3254169440943734,-0.09966129493939069
523,0.2552625637431837,0.35319042098734865,-0.09792785724416497,0.24568292351076138,0.3604223447287522,-0.1147394212179908,0.2576867361110096,0.33463991558115,-0.07695317947014041
524,0.24137989974760565,0.342527670280918,-0.10114777053331236,0.22544383738232068,0.3501811805442297,-0.12473734316190901,0.23185941026929963,0.3345161547957555,-0.1026567445264559
525,0.2513845412496438,0.35502920865463267,-0.10364466740498884,0.2390963019481626,0.3575227526662627,-0.11842645071810012,0.24033926410012948,0.3338103614416927,-0.0934710973415632
526,0.25636654684084537,0.3340163065510245,-0.07764975971017912,0.24247997443309266,0.34644862955903727,-0.10396865512594461,0.25405323142506725,0.316687987883439,-0.06263475645837174
527,0.2222875868361908,0.3395104946703901,-0.11722290783419928,0.20756298793587863,0.3462833742906434,-0.13872038635476475,0.21546795674843996,0.3244510561647317,-0.10898309941629172
528,0.22873160933075867,0.3425164626353475,-0.11378485330458885,0.21687526966083995,0.3492439901635817,-0.13236872050274176,0.21888172776227516,0.31935879029793107,-0.10047706253565591
529,0.2270835597199225,0.3336866485101779,-0.10660308879025537,0.2174271149984508,0.3407871361728744,-0.12336002117442363,0.22993116756874213,0.31823049758414185,-0.08829933001539972
530,0.22431652375543393,0.3370974325985044,-0.11278090884307046,0.21085800811781719,0.3453005030920367,-0.1344424949742195,0.22517853638498803,0.32439313457531865,-0.09921459819033063
531,0.23913128305594766,0.35657163252793905,-0.11744034947199139,0.23359510264847147,0.36122966233409776,-0.1276345596856263,0.2509985434966458,0.33812306706925815,-0.08712452357261236
532,0.21441251203456857,0.33788968376332656,-0.123477171728758,0.20309345852268318,0.3490558589516909,-0.1459624004290077,0.22491778778119795,0.3241846662622533,-0.09926687848105534
533,0.23514221824866852,0.33414427431725063,-0.09900205606858212,0.22118142896527904,0.3417195453664237,-0.12053811640114465,0.24371678607805786,0.3220049711820628,-0.07828818510400493
534,0.21996353122224938,0.3411575407576213,-0.1211940095353719,0.20755954501639592,0.3455942968358187,-0.1380347518194228,0.22616573367141604,0.3175696805809451,-0.09140394690952905
535,0.23203289337777785,0.3327620670076312,-0.10072917362985337,0.22192937812324381,0.34212672221168106,-0.12019734408843724,0.23333101270146192,0.31206311636082196,-0.07873210365936004
536,0.22785940276304412,0.35783300508985877,-0.12997360232681465,0.2216934914693568,0.3626822816493183,-0.14098879017996152,0.2337121799553989,0.34646619083451613,-0.11275401087911724
537,0.22902566226727739,0.3200146691614206,-0.09098900689414319,0.2160052244476504,0.33256835284586955,-0.11656312839821914,0.2179031544708737,0.3002946357240381,-0.0823914812531644
538,0.24306805601763415,0.32831139500726536,-0.08524333898963121,0.23479611050497606,0.33555995454371484,-0.10076384403873878,0.2568353903702847,0.3191198596130984,-0.06228446924281372
539,0.2273191954876376,0.3461457922660902,-0.11882659677845261,0.21811226495372876,0.35301895767057656,-0.1349066927168478,0.22740651012879987,0.3352685874628646,-0.10786207733406472
540,0.24895012431420538,0.34635624892531935,-0.09740612461111398,0.23937154513046707,0.3541801912391809,-0.1148086461087138,0.25202797336482613,0.32536540160786276,-0.07333742824303663
541,0.20647969519080728,0.3445031238623451,-0.13802342867153783,0.19893708058235204,0.35169906721239114,-0.1527619866300391,0.22220189486572242,0.3287381404148121,-0.10653624554908966
542,0.22441641177386046,0.3430721958103591,-0.11865578403649862,0.21196481618953691,0.3501694531423191,-0.1382046369527822,0.22173305818984598,0.32800125647818973,-0.10626819828834375
543,0.24092849300948896,0.34559356800292457,-0.10466507499343561,0.23507573444410873,0.3475637602831472,-0.1124880258390385,0.24310797303408882,0.3271908676279041,-0.0840828945938153
544,0.23641528645681947,0.34655760032137356,-0.11014231386455409,0.22572248278065854,0.35081812419406433,-0.1250956414134058,0.24187050971574447,0.3248136154557972,-0.0829431057400527
545,0.22742659620400263,0.3366943952676117,-0.10926779906360906,0.20672036061839852,0.3512599083139116,-0.14453954769551305,0.21840162451381478,0.32678334443565016,-0.10838171992183537
546,0.24382172052920587,0.3396653090751693,-0.09584358854596342,0.2314142083796837,0.3460422089526029,-0.11462800057291919,0.26171754318302604,0.32141718695384014,-0.059699643770814104
547,0.218326107160249,0.35542878506480396,-0.13710267790455496,0.20274175913815248,0.3583151678122246,-0.15557340867407213,0.22608018356027174,0.33901541209745667,-0.11293522853718493
548,0.21016150794487082,0.32514721849515926,-0.11498571055028844,0.19826930158478073,0.32528776370855245,-0.1270184621237717,0.19620492371260442,0.31030406574117203,-0.11409914202856761
549,0.2506689834457233,0.3415111953398571,-0.09084221189413377,0.24236114282274532,0.34692700344410515,-0.10456586062135984,0.26621986061648106,0.31165991897381484,-0.04544005835733378
550,0.22953215146380723,0.3291883511848806,-0.09965619972107337,0.21512561374146638,0.3378548962138218,-0.12272928247235543,0.22407947318474147,0.30927872823251723,-0.08519925504777576
551,0.24346238485508867,0.3629556030140391,-0.11949321815895045,0.22945681465073206,0.3717731557546478,-0.14231634110391575,0.25257475084240294,0.3464126686076355,-0.09383791776523254
552,0.24366869847961606,0.32839820571900713,-0.08472950723939107,0.23487977655948958,0.3344344241188124,-0.09955464755932283,0.24362456472260283,0.3143176358560578,-0.070693071133455
553,0.23321098212366775,0.3490114201439628,-0.11580043802029505,0.22243009933102628,0.35582719866027696,-0.13339709932925067,0.22917977435139633,0.3293409125155206,-0.10016113816412428
554,0.22402520586366487,0.3241315040632802,-0.1001062981996153,0.2107222271663759,0.3314148861496559,-0.12069265898328002,0.20966633649194552,0.3031885025267081,-0.09352216603476257
555,0.25291103111199165,0.3289617482112765,-0.07605071709928485,0.24547588810190307,0.3369317505252936,-0.09145586242339054,0.2571660682357488,0.31955646003838184,-0.06239039180263306
556,0.22772343133584838,0.334689151719965,-0.10696572038411661,0.21298150525693138,0.3377158824451714,-0.12473437718824004,0.2184148346263142,0.31514609337110816,-0.09673125874479396
557,0.2086360850817737,0.3207132269284786,-0.11207714184670489,0.19753303665142818,0.33478695226420974,-0.13725391561278155,0.20945986826927734,0.31293187579239534,-0.103472007523118
558,0.22158246653688507,0.3600327268314292,-0.1384502602945441,0.2042316711836028,0.36400629908922005,-0.15977462790561725,0.20796359410662293,0.336216622014084,-0.12825302790746104
559,0.23219478693402656,0.34389249219146895,-0.11169770525744238,0.22040610937477914,0.34961559872873993,-0.1292094893539608,0.22676728799414286,0.31837334037405873,-0.09160605237991587
560,0.21986496906443145,0.3237226117065287,-0.10385764264209726,0.20835650159387575,0.3363782601143475,-0.12802175852047176,0.20614844216221478,0.30928872383288125,-0.10314028167066647
561,0.24157505966599085,0.35477521860317923,-0.11320015893718838,0.22651900199174826,0.36233834852349855,-0.1358193465317503,0.23061489303172894,0.33165378572779985,-0.10103889269607091
562,0.2275125721059253,0.35746283948353086,-0.12995026737760557,0.21255958201892816,0.3642891021990845,-0.15172952018015634,0.2190621806204589,0.3338148837596689,-0.11475270313920999
563,0.23677342774069174,0.35183138695302674,-0.115057959212335,0.22747105790302816,0.3593238349017215,-0.13185277699869333,0.23221734551560064,0.33165642035991894,-0.0994390748443183
564,0.24905004727946517,0.3150028988524053,-0.06595285157294012,0.24498147557408234,0.32051871637919294,-0.0755372408051106,0.25419969605310366,0.2890844115444869,-0.03488471549138322
565,0.2655343322657163,0.341934724603117,-0.0764003923374007,0.24926437051400785,0.35070679179998904,-0.10144242128598119,0.25817130428319973,0.317483181690413,-0.059311877407213276
566,0.23540333545785636,0.32265199688360086,-0.0872486614257445,0.22154237781167807,0.3346775456689489,-0.11313516785727085,0.22565632624893225,0.31480843462237507,-0.08915210837344281
567,0.2584855831928835,0.3460055651019435,-0.08751998190906002,0.25076945344582463,0.3484047503720442,-0.09763529692621958,0.2590832719783476,0.3276340430758972,-0.06855077109754965
568,0.23327951642253553,0.3441777058807606,-0.11089818945822505,0.22184759700142112,0.3497140521408372,-0.12786645513941605,0.23320418721803798,0.3206201352904033,-0.0874159480723653
569,0.24140097496626897,0.31982016032740246,-0.07841918536113349,0.22758534778695502,0.33251519273872177,-0.10492984495176674,0.2360619031263132,0.30599062520974507,-0.06992872208343187
570,0.22102008616372495,0.352838117598422,-0.13181803143469703,0.20288599897629425,0.3602963492817465,-0.15741035030545222,0.2111194261030689,0.3361146447679867,-0.12499521866491778
571,0.26010725704741944,0.339158208777507,-0.07905095173008758,0.24822529991380288,0.34339694118011177,-0.09517164126630889,0.26269071961144536,0.3189735677726395,-0.056282848161194166
572,0.2294244624504882,0.3437479772075047,-0.11432351475701652,0.22038552435191294,0.35107921292711625,-0.1306936885752033,0.2362647660483609,0.32877438546034526,-0.09250961941198435
573,0.22960432647271106,0.32321135234472764,-0.09360702587201658,0.21744881476479236,0.33553856157885126,-0.1180897468140589,0.23731601565480553,0.3057207244065461,-0.06840470875174054
574,0.26070048409374985,0.3484319497041652,-0.08773146561041534,0.25325609492576384,0.3513911430323724,-0.09813504810660856,0.2545546636722265,0.3202863440644411,-0.06573168039221461
575,0.22246119074710682,0.34620449868926045,-0.12374330794215363,0.21216064523653858,0.35250044244397893,-0.14033979720744036,0.2308476780733062,0.3257391186157114,-0.09489144054240523
576,0.25945785204046673,0.3312745448723454,-0.07181669283187869,0.24953906197861012,0.33878639641029995,-0.08924733443168983,0.25619744682706247,0.31109777023481777,-0.0549003234077553
577,0.24732018998753355,0.32868991832207795,-0.0813697283345444,0.23200161860965074,0.33882275255409333,-0.10682113394444259,0.25024213832475567,0.29773481752882497,-0.0474926792040693
578,0.22767331906725424,0.32702083670401694,-0.0993475176367627,0.21753018088860737,0.33337218442082556,-0.11584200353221819,0.2264070305370626,0.3137416352239329,-0.08733460468687029
579,0.21145458421961977,0.34713641088810754,-0.13568182666848777,0.20724255154207571,0.34889905764517,-0.14165650610309427,0.22108828032675418,0.32735681760757473,-0.10626853728082056
580,0.22604939720634667,0.35205363481367324,-0.12600423760732657,0.2207221790747971,0.3529679588938903,-0.13224577981909322,0.22220768870791152,0.33422208403009906,-0.11201439532218754
581,0.21462480376440735,0.33864510144453797,-0.12402029768013062,0.20154145151681946,0.3426284228171291,-0.14108697130030962,0.21571050843456047,0.3199837623427199,-0.10427325390815945
582,0.23955380044466273,0.3379036959410646,-0.09834989549640188,0.22346776456505238,0.3474066424962947,-0.12393887793124234,0.2361865434903307,0.3263196993939028,-0.09013315590357213
583,0.22898311787892786,0.33888587677789334,-0.10990275889896547,0.21230758227824495,0.3465164798327107,-0.13420889755446577,0.219054431692099,0.31962967459137637,-0.10057524289927736
584,0.2452203129086748,0.35097700726903713,-0.10575669436036234,0.23883134516937854,0.3605241813909527,-0.12169283622157417,0.25285484027318994,0.33735941426498556,-0.08450457399179562
585,0.2188537161509395,0.3379191083981123,-0.1190653922471728,0.20409316095242844,0.3494415584426603,-0.14534839749023185,0.20323896799447705,0.32288744652949425,-0.1196484785350172
586,0.2360829332671702,0.3469571116236213,-0.11087417835645111,0.22212664392994153,0.3571473285105312,-0.1350206845805897,0.2353856311177787,0.3369802616717412,-0.10159463055396253
587,0.23314645391331074,0.3273180706407186,-0.09417161672740787,0.22321009430219949,0.33373210827571315,-0.11052201397351366,0.24320893649809,0.3095125002439707,-0.0663035637458807
588,0.21515945925247554,0.3462809839487891,-0.13112152469631355,0.20543024281013314,0.35076282659206404,-0.1453325837819309,0.21755922968395774,0.3299167689522355,-0.11235753926827774
589,0.22161589165536585,0.35926898760176235,-0.1376530959463965,0.20702780531053333,0.3750933557414372,-0.16806555043090388,0.2214807816425675,0.3482461940123644,-0.1267654123697969
590,0.23236341733881438,0.34689181093353194,-0.11452839359471756,0.21702990532262587,0.3542408781225841,-0.13721097279995823,0.2419439791704383,0.3311350741230432,-0.08919109495260491
591,0.23439689687052898,0.32716252510790206,-0.09276562823737308,0.22201259442894047,0.34000384896510333,-0.11799125453616285,0.22578462431035246,0.32195301429281903,-0.09616838998246657
592,0.22755356418027176,0.35152582982590047,-0.12397226564562872,0.2182765575783291,0.3574575530063254,-0.13918099542799633,0.23165464567908187,0.33328394759347796,-0.10162930191439609
593,0.23457420987238636,0.34033949223534193,-0.10576528236295557,0.22339895448674585,0.3449402112393626,-0.12154125675261673,0.22862689393251587,0.3232838321446162,-0.09465693821210033
594,0.2269131383737456,0.3341750463467238,-0.10726190797297819,0.2193013925011599,0.3364262341038395,-0.11712484160267958,0.23163295082620683,0.31561828028559363,-0.0839853294593868
595,0.22872010582758784,0.3475899457339906,-0.11886983990640276,0.2155209743749268,0.35721149837897853,-0.14169052400405174,0.2195881774765703,0.331599533912018,-0.11201135643544771
596,0.23310515801794976,0.35486692061963065,-0.1217617626016809,0.22769256010232836,0.3589585851933946,-0.13126602509106622,0.24234524178150396,0.33304005919372137,-0.09069481741221741
597,0.23822944857254552,0.3641854970354948,-0.12595604846294928,0.22725795800291568,0.3740387198239999,-0.1467807618210842,0.2322190741881061,0.34429542956643455,-0.11207635537832844
598,0.22959479330711083,0.3642120903653872,-0.13461729705827638,0.209102933864039,0.3737363459463137,-0.16463341208227472,0.21125481806516833,0.34847285191823235,-0.13721803385306403
599,0.2521396677726449,0.340429138654838,-0.08828947088219308,0.23915558683316968,0.3507526490081293,-0.11159706217495963,0.26532608857837664,0.3267146133024261,-0.06138852472404949
600,0.23692754613629327,0.34694829539877153,-0.11002074926247826,0.22504868692616453,0.3569772605982749,-0.13192857367211036,0.237383126522688,0.33009909833162426,-0.09271597180893626
601,0.22439236479305993,0.34567425444639654,-0.12128188965333661,0.21225387783506855,0.3532108305030346,-0.14095695266796604,0.22818370704957958,0.3230635094928278,-0.09487980244324823
602,0.24088564915499425,0.3252239796108818,-0.08433833045588754,0.2315228082521089,0.3343093606772117,-0.10278655242510276,0.24605927462123542,0.30682349826953037,-0.06076422364829495
603,0.23184439269979412,0.3364825423559553,-0.1046381496561612,0.21899959213898737,0.347691844277057,-0.12869225213806965,0.22329460142003912,0.31782701788903406,-0.09453241646899493
604,0.2520914045122404,0.32431342663505425,-0.07222202212281387,0.238217935680643,0.325772126520456,-0.087554190839813,0.249814598021396,0.30869493424469,-0.05888033622329403
605,0.2290427664278756,0.34175531488338756,-0.11271254845551196,0.21773761349809567,0.3499334646167894,-0.13219585111869375,0.23985237042457225,0.32924850711720477,-0.08939613669263252
606,0.2310514521839522,0.35807510423678546,-0.12702365205283325,0.2206298659839932,0.36562929436094804,-0.14499942837695484,0.23251799372617998,0.3370065310346124,-0.10448853730843244
607,0.21938995643122258,0.34855896668451103,-0.12916901025328845,0.20519267510183273,0.36232870322102995,-0.15713602811919722,0.21689930361709275,0.3313400105920988,-0.11444070697500602
608,0.23088445218148218,0.3500532460006509,-0.11916879381916873,0.222394890000772,0.35740215688463967,-0.13500726688386766,0.23658314686887613,0.32867046467533145,-0.09208731780645532
609,0.22491817829242108,0.3287974288532462,-0.10387925056082511,0.21874705134668704,0.3364897511817334,-0.11774269983504637,0.2230136533396823,0.3106810356518787,-0.08766738231219642
610,0.22902636879830182,0.3418108416501516,-0.11278447285184975,0.2173527295858302,0.3474565159655865,-0.1301037863797563,0.22900055611708323,0.3244291360381323,-0.09542857992104906
611,0.23904929122871818,0.3337895047160134,-0.0947402134872952,0.2250274736701572,0.3381267727790877,-0.11309929910893049,0.2313316412887816,0.3075582131800775,-0.07622657189129589
612,0.24275118588070133,0.3313806361532202,-0.0886294502725189,0.22440991110785627,0.3393381610423857,-0.11492824993452941,0.2305119088846787,0.3153537916792657,-0.08484188279458699
613,0.23899776738945785,0.3563740777221178,-0.11737631033265997,0.22674114873320803,0.3657075008282344,-0.13896635209502636,0.236598781482039,0.33641187274269213,-0.09981309126065313
614,0.2111774730722139,0.3439793214418799,-0.13280184836966602,0.2041761700744526,0.34809765424428407,-0.14392148416983147,0.2099839438707402,0.32273027676006444,-0.11274633288932423
615,0.2287481094500387,0.35142021486661434,-0.12267210541657564,0.2221154802646785,0.3549110230220248,-0.1327955427573463,0.23434274839110655,0.33294003101458536,-0.0985972826234788
616,0.23278560325526776,0.35479995505527956,-0.1220143518000118,0.2202088221832239,0.3607342922772847,-0.1405254700940608,0.2225133284629394,0.34100317489816984,-0.11848984643523044
617,0.23351601304389533,0.35393749785027845,-0.12042148480638312,0.21672066498219905,0.36096093799404994,-0.14424027301185088,0.22329192755987337,0.3332830931376224,-0.10999116557774902
618,0.22640044419057842,0.3538138304619121,-0.1274133862713337,0.21000452312362722,0.362986398928094,-0.15298187580446676,0.2321379922457071,0.34173135517695,-0.10959336293124292
619,0.2453874200155017,0.3387023541317448,-0.09331493411624311,0.23316830739229863,0.3432069185563503,-0.1100386111640517,0.2522359508532804,0.3200136223234521,-0.06777767147017172
620,0.24831924346646506,0.35266917705731604,-0.10434993359085099,0.23854695044849442,0.3601004688279658,-0.1215535183794714,0.2469801144535011,0.3362491924143375,-0.08926907796083638
621,0.22065317536905635,0.3549444605521423,-0.13429128518308595,0.2082029224200999,0.3614463742158047,-0.1532434517957048,0.2306159878195148,0.3339322878940641,-0.10331630007454928
622,0.24868412028846243,0.3336485953765164,-0.08496447508805399,0.23684168272136813,0.3428283512018626,-0.10598666848049448,0.2422002297518216,0.3207105699291247,-0.07851034017730313
623,0.24034584742877113,0.3406730532749899,-0.10032720584621879,0.2263891118440971,0.3486638298412213,-0.1222747179971242,0.22967238539920898,0.3289533372238615,-0.09928095182465252
624,0.24311179079277645,0.33590200605363907,-0.09279021526086262,0.2286020093485691,0.34421295858875783,-0.11561094924018872,0.23536592351936828,0.31590907139570823,-0.08054314787633995
625,0.22282760568475835,0.32684878089622893,-0.10402117521147058,0.21892958308465518,0.3448838182205879,-0.1259542351359327,0.23175306115130395,0.31314082131629106,-0.08138776016498711
626,0.23364726372591246,0.34538143356290335,-0.11173416983699089,0.22029955051582092,0.3556282959231503,-0.1353287454073294,0.23140101751464756,0.3350348967257756,-0.10363387921112802
627,0.24096290657967115,0.35326083051094753,-0.11229792393127638,0.22503304785163172,0.3571251398763402,-0.13209209202470848,0.22718586371440172,0.3315164104709687,-0.10433054675656697
628,0.23136803296952876,0.3293239403876273,-0.09795590741809854,0.21600288620259697,0.3359277102938066,-0.11992482409120961,0.22325718838118022,0.30597579288866217,-0.08271860450748195
629,0.23786181577183857,0.3389900424571843,-0.10112822668534571,0.2229487349619792,0.3523994960787447,-0.1294507611167655,0.2324859344548924,0.322384568217659,-0.08989863376276658
630,0.22327558295758596,0.3375029348388784,-0.11422735188129243,0.20932140561680762,0.35048301154463735,-0.14116160592782973,0.2171982217909201,0.31681980740513815,-0.09962158561421805
631,0.22812128568249443,0.348054872854057,-0.11993358717156258,0.21771166848655882,0.3502810197957361,-0.1325693513091773,0.22531354550743266,0.33102432884919913,-0.10571078334176648
632,0.23269964662878845,0.33548420210444296,-0.10278455547565452,0.22230956768917845,0.3446465347912014,-0.12233696710202294,0.22814382477464573,0.31548195156973946,-0.08733812679509373
633,0.24579324278462356,0.3570046450576198,-0.11121140227299625,0.2371686732075591,0.3612588897416014,-0.12409021653404231,0.24876941088665436,0.3315621484165868,-0.08279273752993246
634,0.21394665712813002,0.3391233764719807,-0.1251767193438507,0.20266749063896683,0.3481452093925488,-0.14547771875358195,0.2011244701682302,0.3248569747975162,-0.12373250462928598
635,0.23144896066018494,0.3544151631916629,-0.12296620253147794,0.2225732779199306,0.3576916727108845,-0.1351183947909539,0.24003869196789146,0.335923038519733,-0.09588434655184153
636,0.2174006932898745,0.334542686490016,-0.11714199320014151,0.20715329791250803,0.33861546774526996,-0.13146216983276193,0.2163274486974375,0.31399700287782956,-0.09766955418039205
637,0.2239571258923982,0.3241312823614165,-0.10017415646901828,0.21898685145681968,0.3414851347465913,-0.12249828328977164,0.23414185941514393,0.3071442827922771,-0.0730024233771332
638,0.23692463544390155,0.33712963980908583,-0.10020500436518429,0.22325946103948377,0.3465416431190444,-0.12328218207956063,0.23901222226998653,0.3122110701974686,-0.07319884792748205
639,0.2342534804454408,0.31891817946583784,-0.08466469902039703,0.2194189971329518,0.3285220995758603,-0.10910310244290852,0.2231219638112699,0.3061707413796693,-0.08304877756839943
640,0.231207547099556,0.33862884305919694,-0.10742129595964095,0.22113522407324335,0.35198451894561456,-0.1308492948723712,0.22980847208987992,0.32618548414660126,-0.09637701205672133
641,0.2576975416447034,0.3498203455988146,-0.09212280395411121,0.24024488098978433,0.3548240601107248,-0.11457917912094048,0.2560502502688294,0.3360692409376062,-0.08001899066877682
642,0.22700113469904507,0.3499033297684803,-0.12290219506943525,0.2137716708101354,0.3572055203245193,-0.1434338495143839,0.22010844982504255,0.33376685402984724,-0.11365840420480469
643,0.20649407835557648,0.3380477222819344,-0.13155364392635793,0.19269228005132777,0.34975010743446555,-0.15705782738313778,0.20758377476190618,0.32675749920728403,-0.11917372444537785
644,0.23959268392823754,0.3458338942032149,-0.10624121027497738,0.23161737570254548,0.34674809748241675,-0.11513072177987127,0.24414639830808904,0.3230297815435955,-0.07888338323550648
645,0.22792436585481443,0.3390524805979472,-0.11112811474313275,0.22078743264231324,0.3483737170636958,-0.12758628442138256,0.2321582728870053,0.3186143885572148,-0.0864561156702095
646,0.2536826922957881,0.3585126066065671,-0.10482991431077898,0.2418861823738546,0.36718184996048336,-0.12529566758662877,0.25539747234479004,0.3415311343955782,-0.08613366205078815
647,0.21996570088933268,0.3154386770379681,-0.0954729761486354,0.20933971249846453,0.3289633552823392,-0.11962364278387469,0.21236160271893725,0.2992990007212917,-0.08693739800235442
648,0.2573820726587137,0.34530339794422715,-0.08792132528551344,0.24380232663008844,0.3475559855982036,-0.10375365896811517,0.2575177932880844,0.32648941174736457,-0.06897161845928018
649,0.19804641171278706,0.3405606880503602,-0.14251427633757316,0.1858722702308506,0.3485625772918636,-0.16269030706101298,0.19893997347270487,0.320601854866517,-0.12166188139381212
650,0.23947584434585398,0.3283458926596655,-0.08887004831381154,0.22740015006676406,0.3411253636972758,-0.11372521363051175,0.24185073275556582,0.3149710888105966,-0.07312035605503078
651,0.22662777758585398,0.35209605341817585,-0.12546827583232187,0.215274524875552,0.35811978798651445,-0.14284526311096246,0.21605765421106798,0.3385036597779087,-0.12244600556684071
652,0.236419951850407,0.3225611469748765,-0.08614119512446947,0.22557027006710775,0.3347579833966631,-0.10918771332955532,0.23566396819113697,0.30421923259137595,-0.06855526440023899
653,0.2361227311423192,0.32877298794919513,-0.09265025680687594,0.22554549181641942,0.334512966457839,-0.10896747464141959,0.23852470702476883,0.30538330407896314,-0.06685859705419431
654,0.24013662294164753,0.335862038084444,-0.09572541514279645,0.22588945755817258,0.33911650008452354,-0.11322704252635096,0.23498774207252038,0.31102795295747226,-0.07604021088495189
655,0.24209839173341083,0.3431960385884728,-0.10109764685506198,0.2310206539728259,0.35076053633529714,-0.11973988236247124,0.23744148451786956,0.32667720966190034,-0.08923572514403078
656,0.24058421228705215,0.34348772914947023,-0.10290351686241808,0.22956465064285816,0.347869630913684,-0.11830498027082584,0.2503500389294842,0.322559852431479,-0.07220981350199479
657,0.2196397276876249,0.33865308012564876,-0.11901335243802386,0.20289819541642298,0.34457964110396727,-0.1416814456875443,0.21750943927746577,0.3218156986873753,-0.10430625940990954
658,0.2457493258302992,0.3350346317298931,-0.08928530589959391,0.23556241884233364,0.34710079578142267,-0.11153837693908902,0.2684444709995711,0.326702866742772,-0.05825839574320091
659,0.23394923355580333,0.3553287749778377,-0.12137954142203439,0.22373386558589073,0.36342973525925565,-0.13969586967336492,0.23818364396924877,0.3311225771743285,-0.09293893320507976
660,0.2411620160540567,0.32932371289033996,-0.08816169683628325,0.23267026443399436,0.339299207053944,-0.10662894261994965,0.2467491971180893,0.31537569058180603,-0.06862649346371674
661,0.24510918425861095,0.3282268752763355,-0.08311769101772454,0.24170113142986607,0.3364222473103714,-0.09472111588050533,0.25499148541388694,0.31280785938236805,-0.057816373968481105
662,0.22830983665225033,0.363944421858228,-0.13563458520597768,0.22031485722111735,0.3698558611115477,-0.14954100389043037,0.22520653259220555,0.3399454632281723,-0.11473893063596677
663,0.23633537208780195,0.33300097809604545,-0.0966656060082435,0.2203440741085688,0.34024960966209916,-0.11990553555353037,0.2302421822468168,0.3151227634341648,-0.08488058118734798
664,0.20257666541970726,0.3369344186795924,-0.13435775325988514,0.19253866763675595,0.34039882349551565,-0.1478601558587597,0.20415114495410672,0.3091625465430255,-0.10501140158891878
665,0.21863562591611038,0.3453004232387072,-0.1266647973225968,0.2068026836633116,0.3524094853330298,-0.1456068016697182,0.2151008659588826,0.325348071285851,-0.11024720532696844
666,0.24427308242247675,0.34745425528051865,-0.1031811728580419,0.2369974378490765,0.3491805589155376,-0.11218312106646111,0.25788794032071805,0.3316861005937873,-0.07379816027306924
667,0.2401131772342273,0.3630859034557923,-0.12297272622156499,0.23083793097715052,0.36525228533872195,-0.13441435436157143,0.24261319946494858,0.3333008574565878,-0.09068765799163919
668,0.23379942383800317,0.34436625090505246,-0.11056682706704929,0.22229985808209238,0.3539783619264892,-0.1316785038443968,0.2367055694472056,0.32963698734514557,-0.09293141789793996
669,0.2184108083043492,0.33413057939279334,-0.11571977108844414,0.21047323694336623,0.3411188414021818,-0.13064560445881557,0.21798236191877055,0.32210246916568586,-0.10412010724691531
670,0.24245447146540278,0.3414607355363846,-0.09900626407098184,0.22757972313698804,0.3513717779999263,-0.12379205486293826,0.23536246105025946,0.32078173086848655,-0.08541926981822709
671,0.2472696939949156,0.3433603166128039,-0.09609062261788831,0.2348967997179869,0.35253714556381327,-0.11764034584582636,0.24144937948179754,0.3273609714524574,-0.08591159197065987
672,0.23479376902390564,0.34095758749628713,-0.10616381847238149,0.22277193755096739,0.3512341888399052,-0.12846225128893782,0.24249329173899112,0.33058424570582506,-0.08809095396683395
673,0.23242959654139592,0.3295987313790582,-0.09716913483766229,0.21697027436825367,0.33261872177031776,-0.11564844740206409,0.22688749015850043,0.3090108857710101,-0.08212339561250967
674,0.25084623114959403,0.3609199010994415,-0.11007366994984746,0.2405621532496509,0.3663334221034966,-0.1257712688538457,0.25914725555585594,0.3475439985611553,-0.08839674300529937
675,0.2406936335136943,0.3341233170164545,-0.09342968350276018,0.2267983230929364,0.33848721481209687,-0.11168889171916047,0.24517513394022905,0.3167387082219409,-0.07156357428171184
676,0.24091091121653294,0.35398322571148133,-0.1130723144949484,0.2283474998555879,0.3622607550457531,-0.13391325519016523,0.26107441704541506,0.332929407065978,-0.07185499002056295
677,0.25941052673303794,0.3464627857503486,-0.08705225901731067,0.2534497893462579,0.35253876561497394,-0.09908897626871604,0.27248719397528637,0.33099241318260875,-0.05850521920732238
678,0.23973367425493067,0.3230038022826841,-0.08327012802775344,0.22250480921100446,0.3341203662644036,-0.11161555705339915,0.2376156418301002,0.3123309784625695,-0.07471533663246932
679,0.21846602591391442,0.3603284371896909,-0.14186241127577645,0.20113422202781112,0.3680920065805797,-0.1669577845527686,0.21160215802338794,0.34115657240560837,-0.12955441438222043
680,0.2340514046908652,0.32751468060106764,-0.09346327591020245,0.2229371176914413,0.3480776238848777,-0.12514050619343636,0.2390648075322966,0.3038300289611002,-0.06476522142880356
681,0.22966303463581333,0.34305844082945897,-0.11339540619364563,0.21714393815111285,0.34921050795537173,-0.13206656980425888,0.22212016069660157,0.32925005691971737,-0.1071298962231158
682,0.24039571053945571,0.3483260074089455,-0.10793029686948977,0.2249441403953686,0.3599156547908413,-0.1349715143954727,0.23761102963445857,0.32888108455850396,-0.09127005492404539
683,0.23304840819405073,0.33732160433508185,-0.10427319614103112,0.22401161850705398,0.34850688378417316,-0.12449526527711918,0.23190289406024275,0.3290468999349894,-0.09714400587474667
684,0.2323632579489495,0.3497951385829856,-0.11743188063403612,0.21937986727613898,0.36123624177114844,-0.14185637449500946,0.2313257811432915,0.33136596561241605,-0.10004018446912455
685,0.25839646145915013,0.3060139659376844,-0.047617504478534245,0.24638052789057902,0.3174510711262926,-0.0710705432357136,0.2566054956280907,0.2892069778462983,-0.03260148221820758
686,0.24750938403615055,0.3298368654266304,-0.08232748139047982,0.22791626473029408,0.3378494319223198,-0.10993316719202573,0.23277707457956917,0.30845647537703086,-0.07567940079746169
687,0.24162424702169236,0.3441859184643648,-0.10256167144267245,0.23245734292545994,0.34843728531852197,-0.11597994239306203,0.2454059435174162,0.3179605471809627,-0.07255460366354652
688,0.23710437919259303,0.31896896093253124,-0.08186458173993821,0.22780102003601452,0.3365487760539462,-0.10874775601793166,0.23870422953592116,0.3044839907512951,-0.06577976121537396
689,0.24943287641962647,0.34376147274174135,-0.09432859632211488,0.2317757875270062,0.34928215933455264,-0.11750637180754644,0.2472575196916635,0.32721561431454993,-0.07995809462288642
690,0.21544746762661107,0.36068294701483045,-0.14523547938821937,0.2027149279533949,0.36959674067007775,-0.16688181271668284,0.21620857706298355,0.34275523043822553,-0.12654665337524199
691,0.2233896355817548,0.32779800938499976,-0.10440837380324497,0.20783771537363563,0.34153704017847797,-0.13369932480484234,0.2172844178624529,0.31613581138422264,-0.09885139352176975
692,0.2631073750350601,0.3456734987643403,-0.08256612372928018,0.24833753437877215,0.3507941000195776,-0.10245656564080546,0.2558322347342488,0.3286851976813534,-0.07285296294710458
693,0.22669749961478958,0.3427109663984306,-0.11601346678364105,0.21602403809687434,0.3437146684512921,-0.12769063035441777,0.22890110952850576,0.31621500857177187,-0.08731389904326611
694,0.20746815733670465,0.34023791121829877,-0.13276975388159412,0.19283985268092044,0.34967659703279697,-0.15683674435187653,0.2089221076129092,0.3274591951430249,-0.11853708753011571
695,0.23993812840519907,0.3379596061911075,-0.09802147778590842,0.2282741120422896,0.3497533047990804,-0.12147919275679081,0.2363883627414026,0.32755278040134145,-0.09116441765993885
696,0.2349878986228614,0.31447274119358204,-0.07948484257072064,0.21866951137985802,0.3200867715031651,-0.1014172601233071,0.23527060548541923,0.30358626561677265,-0.06831566013135343
697,0.23913883711134523,0.32511262002787983,-0.0859737829165346,0.23021379690625368,0.3251122432937703,-0.09489844638751663,0.23264610166469918,0.29499235410774044,-0.06234625244304126
698,0.23945809556727018,0.3341603558384378,-0.0947022602711676,0.23136514538795425,0.336559850583107,-0.10519470519515275,0.2403123303297348,0.31797656726994233,-0.07766423694020752
699,0.222909121446863,0.35105286635775745,-0.12814374491089445,0.21266379684686545,0.3631110630885787,-0.15044726624171326,0.22558387695922882,0.33129660061821864,-0.10571272365898982
700,0.2040533990466403,0.33690022004786985,-0.13284682100122955,0.19317343717583257,0.3441598826343517,-0.15098644545851914,0.2058490178311436,0.3173632159471959,-0.11151419811605232
701,0.23096850984917267,0.3370422878709607,-0.10607377802178802,0.2225664469747979,0.3447640968665028,-0.12219764989170487,0.23934111342306588,0.3146626504850941,-0.07532153706202824
702,0.22020941446883877,0.3551940787917874,-0.13498466432294862,0.20411206973316828,0.36137598875850757,-0.1572639190253393,0.21097748817673112,0.33348407571283234,-0.12250658753610122
703,0.22198607982047697,0.3479472294315337,-0.12596114961105676,0.2043333815082301,0.3552085486718617,-0.15087516716363158,0.22124020122092358,0.32920569752084705,-0.10796549629992347
704,0.21547085046806058,0.3349243662971534,-0.1194535158290928,0.20528804791110428,0.34351138153028704,-0.13822333361918276,0.21511215136039713,0.31528794296662055,-0.10017579160622342
705,0.22630712943795653,0.3400850137064105,-0.11377788426845395,0.21387277943483113,0.3467180396533859,-0.13284526021855475,0.21706563230694337,0.3262554222500587,-0.10918978994311535
706,0.2197679829905529,0.3448353602889381,-0.12506737729838519,0.2104030697699264,0.35060337024779076,-0.14020030047786436,0.21426550314465717,0.32749359480407064,-0.11322809165941347
707,0.21719796664341887,0.3324578581905317,-0.11525989154711283,0.20648558140909246,0.33859709082790235,-0.1321115094188099,0.22173925922254262,0.3074780476051845,-0.08573878838264187
708,0.24967368520727723,0.35227937896150435,-0.10260569375422712,0.24106445715856467,0.35975660010772315,-0.11869214294915847,0.26255048789940916,0.3343557373235319,-0.07180524942412275
709,0.22063315227373892,0.32579545746525773,-0.10516230519151881,0.21122403806376694,0.33290136619751076,-0.12167732813374382,0.22454370680863894,0.30715889826465137,-0.08261519145601243
710,0.20578008734429978,0.3468849461511078,-0.14110485880680804,0.19126663257418478,0.3584026944769214,-0.16713606190273664,0.19812244653463787,0.32747815748557824,-0.12935571095094037
711,0.2330110342082894,0.31387727844177593,-0.08086624423348654,0.21812560205801682,0.3144474137740212,-0.09632181171600437,0.23080471248646076,0.29386922219249123,-0.06306450970603047
712,0.2139432540773335,0.33077348240346,-0.1168302283261265,0.20058540834432337,0.3389650313105825,-0.1383796229662591,0.21988720454077756,0.3208038824521927,-0.10091667791141515
713,0.2507507919765129,0.33579906783265917,-0.08504827585614627,0.2381215188052438,0.3467316541676111,-0.1086101353623673,0.25729224281264335,0.31769738706441786,-0.06040514425177451
714,0.23779470840297062,0.3325485321361125,-0.0947538237331419,0.22338794309908386,0.3441798897328058,-0.12079194663372192,0.23153819011118867,0.31859913494862696,-0.08706094483743829
715,0.2369677645293991,0.34854296558096637,-0.11157520105156726,0.220274588430815,0.356408260028784,-0.13613367159796902,0.2308718690014576,0.32855618667200953,-0.09768431767055194
716,0.22435713586545988,0.3378227630098243,-0.1134656271443644,0.21150517943636493,0.35364550795147137,-0.14214032851510644,0.22498764366239407,0.32307690355171154,-0.09808925988931746
717,0.23432396134154393,0.33912387699668506,-0.10479991565514113,0.21774944950945738,0.3479158514102229,-0.13016640190076553,0.22596655723127243,0.32248737435007124,-0.09652081711879881
718,0.21430780024970877,0.3376873888147633,-0.12337958856505452,0.20746336676703697,0.34320263775848797,-0.135739270991451,0.2163619890254336,0.31340218186289964,-0.09704019283746604
719,0.2362995855010658,0.34511918610934694,-0.10881960060828114,0.22545952854076426,0.35113878328334325,-0.125679254742579,0.22849242420594168,0.33408824114448377,-0.10559581693854209
720,0.24974652981047407,0.34673795135968216,-0.09699142154920809,0.23631330067517609,0.34966746428185663,-0.11335416360668055,0.2536770868816024,0.33158333026282216,-0.07790624338121976
721,0.21504899710259553,0.341190658838982,-0.12614166173638644,0.2023287811721465,0.3440888500227098,-0.14176006885056328,0.2128309328395141,0.32617026196553783,-0.11333932912602374
722,0.23482901997189826,0.3243291316449533,-0.08950011167305505,0.22566494130220321,0.3384342953631248,-0.11276935406092159,0.23051646797268552,0.3123142539180102,-0.08179778594532469
723,0.24650728893183713,0.34273359574152323,-0.09622630680968611,0.22668672171367174,0.36154468445596105,-0.1348579627422893,0.24038472773391728,0.33168966139744993,-0.09130493366353265
724,0.22711025506168775,0.32176162914430034,-0.0946513740826126,0.21051837138177992,0.3360927591442834,-0.12557438776250346,0.22816634508404718,0.29703622126456186,-0.06886987618051468
725,0.22465444660164371,0.34748557706522576,-0.12283113046358204,0.2145521745387884,0.35473874480845297,-0.14018657026966458,0.22951251383488777,0.33158269182781436,-0.10207017799292659
726,0.24360835072812226,0.35243465021225334,-0.10882629948413108,0.2323872459847928,0.35700069066032414,-0.12461344467553134,0.24934199800114878,0.3361848163822909,-0.08684281838114213
727,0.2616220476609478,0.34307636373293116,-0.08145431607198333,0.25171166199968825,0.35005852600555226,-0.09834686400586401,0.2656465878412096,0.3265852935610322,-0.06093870571982263
728,0.24068483593056306,0.32417137535678936,-0.0834865394262263,0.22836070268146955,0.3323788462577611,-0.10401814357629155,0.24206047106600626,0.3059618344238878,-0.06390136335788155
729,0.1997647742655391,0.3607056127126601,-0.160940838447121,0.1863759625113384,0.3690086975235304,-0.182632735012192,0.19516336832094194,0.3477493468035457,-0.15258597848260375
730,0.24508313806518178,0.36286022776845084,-0.11777708970326906,0.22827223112739334,0.3679883323012212,-0.13971610117382785,0.24396296810154372,0.34264897628569707,-0.09868600818415335
731,0.20548178100946157,0.3437766193351654,-0.13829483832570383,0.19881133958663205,0.34582758075250386,-0.1470162411658718,0.2028827897199269,0.3223594318179365,-0.11947664209800962
732,0.23194888744805067,0.3594217074005193,-0.12747281995246865,0.2239871149169944,0.3646481877772145,-0.14066107286022012,0.2258977723832814,0.3336751253634779,-0.10777735298019647
733,0.24391184104081692,0.3432942070290689,-0.09938236598825195,0.23291565512388368,0.3474855822789647,-0.11456992715508102,0.2406791425878949,0.32210746125924106,-0.08142831867134614
734,0.24170010725983984,0.3429532602885676,-0.10125315302872775,0.23449889055140247,0.34583599485164407,-0.1113371043002416,0.23922049956966523,0.3218801082912564,-0.08265960872159117
735,0.24770764812354257,0.3361459970146689,-0.08843834889112634,0.23781870672968655,0.3456272727144054,-0.10780856598471886,0.2669208933755106,0.3206654162990513,-0.053744522923540705
736,0.23611881054642944,0.323087918623854,-0.08696910807742456,0.22371068288446566,0.33560613431380026,-0.1118954514293346,0.22897291293037028,0.3109544468433772,-0.08198153391300692
737,0.22512413663177086,0.3460467998132208,-0.12092266318144992,0.20833422818461644,0.3525569051290024,-0.14422267694438595,0.22639474964878173,0.32308192178745526,-0.09668717213867353
738,0.25596664177226647,0.36073622520078213,-0.10476958342851567,0.24695872883903766,0.36860116748945304,-0.12164243865041538,0.25752166177894265,0.3456375641950973,-0.08811590241615463
739,0.21972706015723895,0.3416549296635553,-0.12192786950631637,0.20755671415649,0.34644817183773435,-0.13889145768124436,0.21160339756760557,0.32203007256279587,-0.1104266749951903
740,0.2322899903718474,0.3393552039584331,-0.10706521358658572,0.21602782203108362,0.34560814660015854,-0.12958032456907492,0.21828549524769258,0.3203364302412263,-0.10205093499353374
741,0.21525992245200035,0.349514116412926,-0.13425419396092567,0.20628923192311424,0.35693272891633354,-0.1506434969932193,0.2118578340625899,0.3344545264329473,-0.12259669237035742
742,0.2066808187672984,0.3497062053727906,-0.14302538660549222,0.18953205801996975,0.3572099365007968,-0.16767787848082705,0.1971894743128967,0.33285634704328826,-0.13566687273039155
743,0.251422055154675,0.3441452666564196,-0.09272321150174462,0.23495418483549482,0.358794302524534,-0.12384011768903916,0.24550246790424002,0.3290505643743263,-0.08354809647008626
744,0.22901013597402792,0.33693417946472654,-0.10792404349069862,0.21959084450236568,0.345709174414351,-0.12611832991198532,0.23710190923660882,0.32071399341424484,-0.08361208417763602
745,0.24155472748640516,0.33587688096672175,-0.09432215348031658,0.23020516189701282,0.3396979546880501,-0.10949279279103727,0.2371403234239605,0.3242637764490531,-0.08712345302509258
746,0.22355551759052028,0.3385524845896282,-0.11499696699910794,0.21477136637502697,0.34538219432061523,-0.13061082794558826,0.22827458052454624,0.32362631827473515,-0.0953517377501889
747,0.25762882110103746,0.34666884313839297,-0.0890400220373555,0.2402198453421109,0.35431189138362607,-0.11409204604151515,0.24710577035428916,0.3306431391354644,-0.08353736878117524
748,0.23226240424300235,0.33921672015885646,-0.10695431591585411,0.22281580877015594,0.3426515142726139,-0.11983570550245798,0.24709692350302914,0.31504018042289883,-0.06794325691986969
749,0.24187903042162612,0.34837093728433927,-0.10649190686271315,0.23496303393675355,0.3523427527598242,-0.11737971882307063,0.24753245101273275,0.33034698585811817,-0.08281453484538542
750,0.2187992588688676,0.3647102919101138,-0.14591103304124617,0.20403549159012527,0.372785224282681,-0.16874973269255575,0.21307944826891048,0.3518096551890012,-0.13873020692009072
751,0.23369603552901333,0.35509493688995764,-0.1213989013609443,0.22452766120797518,0.3604758259098523,-0.1359481647018771,0.23692615203121992,0.33710550706542397,-0.10017935503420405
752,0.22360840781705327,0.3302112167732618,-0.10660280895620855,0.21386893423873202,0.33700931648553945,-0.12314038224680743,0.2268925058387215,0.3193556413672796,-0.09246313552855812
753,0.2432856529055368,0.35234760621202416,-0.10906195330648735,0.23508476255583302,0.3594927715858381,-0.12440800903000507,0.24400936756320296,0.33167415620259605,-0.08766478863939309
754,0.22323021981689528,0.3328735854064885,-0.1096433655895932,0.2078861084954652,0.3430463677487113,-0.13516025925324607,0.21980459297368074,0.3158101234692233,-0.09600553049554258
755,0.23649613262117508,0.3297137605069804,-0.09321762788580534,0.22302263014685694,0.338151865716948,-0.11512923557009105,0.23436320499829078,0.2979393731806802,-0.06357616818238943
756,0.24090822651096455,0.33012356822531697,-0.08921534171435241,0.2318843666770934,0.33529600646658886,-0.10341163978949547,0.236313833275809,0.30834002445140024,-0.07202619117559125
757,0.22970544742460486,0.34485881081281544,-0.11515336338821058,0.21844534989239864,0.35041340574436286,-0.13196805585196422,0.23156029829319671,0.3293542040774521,-0.09779390578425537
758,0.22058843633386724,0.35278010846390945,-0.1321916721300422,0.2076554614415059,0.3615946039674852,-0.15393914252597932,0.21823059649710688,0.33472008878956844,-0.11648949229246156
759,0.24103500025535596,0.3629551700503086,-0.12192016979495263,0.2296601673176314,0.37049123838882003,-0.14083107107118864,0.24765589042251823,0.34235734629626874,-0.0947014558737505
760,0.22715075407714921,0.36125181050344674,-0.13410105642629752,0.2166581109428894,0.369708853201239,-0.15305074225834958,0.22324543899026533,0.3483205434010465,-0.12507510441078118
761,0.2277520693928856,0.32844094398178264,-0.10068887458889705,0.21517389333752798,0.3404982671833342,-0.12532437384580622,0.2224468499312198,0.3228332268329707,-0.10038637690175092
762,0.2379541292114617,0.32139850195743036,-0.08344437274596866,0.22379578021915683,0.3227569233931408,-0.098961143173984,0.23218395558696114,0.3035384512547063,-0.07135449566774515
763,0.2288214289377985,0.3477335405956194,-0.1189121116578209,0.22006179071250903,0.3578100742153253,-0.13774828350281626,0.22504621734601193,0.3291757583021267,-0.10412954095611476
764,0.2182302085985877,0.34677356188345476,-0.12854335328486707,0.20612551621114836,0.3546534916325656,-0.14852797542141724,0.22070994441832506,0.32409069996702844,-0.10338075554870338
765,0.20575525032482772,0.3201591473915981,-0.1144038970667704,0.19849671515474787,0.3266852581907499,-0.12818854303600202,0.20443038772160085,0.30174261063038627,-0.09731222290878541
766,0.24158770180997632,0.33949612553291075,-0.09790842372293443,0.2301456136944508,0.34635423681492367,-0.11620862312047286,0.23010156734548268,0.3211991235905581,-0.0910975562450754
767,0.23455933007024565,0.3342818162141454,-0.09972248614389972,0.2224378766468085,0.3414634489610021,-0.11902557231419361,0.2330244579721963,0.3144866688634613,-0.08146221089126501
768,0.2438806263841922,0.34424722109839423,-0.10036659471420203,0.23050726870225588,0.3531532349560597,-0.12264596625380383,0.2377162962571086,0.32953410729231164,-0.09181781103520303
769,0.21690995900668547,0.332850976223748,-0.11594101721706251,0.20807248300414377,0.339207449155993,-0.13113496615184922,0.22071229238888918,0.31360886358521534,-0.09289657119632616
770,0.21984781495308364,0.34184277751825404,-0.1219949625651704,0.2078187029229772,0.35473412683620487,-0.14691542391322768,0.21319305196700317,0.3339517157202339,-0.12075866375323074
771,0.2520920247438545,0.3464444551910244,-0.0943524304471699,0.23730132779614838,0.36694162779737544,-0.12964030000122706,0.25404329501846873,0.3315549025386655,-0.07751160752019676
772,0.22613686414334355,0.34829032099284646,-0.1221534568495029,0.21823611572915766,0.3548538607761064,-0.13661774504694876,0.24069996252985096,0.3302433037418013,-0.08954334121195032
773,0.24239815119150132,0.3543359741349521,-0.11193782294345078,0.2290047588538692,0.36330018513091544,-0.13429542627704624,0.235284894453899,0.3376376400451767,-0.10235274559127772
774,0.21109319001395613,0.3345494906754718,-0.12345630066151567,0.1953436617173448,0.3402967922732221,-0.14495313055587733,0.20206541879865092,0.31259660828219527,-0.11053118948354435
775,0.22353506445976765,0.33401364541332135,-0.1104785809535537,0.207694998347785,0.34148320275455,-0.13378820440676503,0.21170183576534,0.32434760531346335,-0.11264576954812336
776,0.23567995647781087,0.329698350622477,-0.09401839414466612,0.21823967162467944,0.33695663086831534,-0.1187169592436359,0.22246398051523086,0.3162299624640778,-0.09376598194884694
777,0.220608442549556,0.350858962334016,-0.13025051978445998,0.21182104232615284,0.35532338678681813,-0.1435023444606653,0.21727217840529967,0.3307751715983918,-0.11350299319309215
778,0.20496161604224802,0.3435994541492517,-0.13863783810700367,0.19837464498561583,0.35068932301292444,-0.1523146780273086,0.19814052787845662,0.3249894957997971,-0.12684896792134046
779,0.2169926713056229,0.3363796355654354,-0.11938696425981249,0.19865306467767951,0.3378569774710021,-0.13920391279332256,0.21296939191199446,0.3112275651730534,-0.09825817326105893
780,0.22495370120012684,0.3508609354390378,-0.12590723423891095,0.21843325973904248,0.3631282270685087,-0.14469496732946624,0.23821229558152932,0.3279787312841745,-0.08976643570264517
781,0.2281844686088347,0.33914921522596436,-0.11096474661712966,0.2151726110965825,0.3494862518741539,-0.13431364077757138,0.2159662268399663,0.3291005905793613,-0.113134363739395
782,0.23896131500039086,0.35287651437118744,-0.11391519937079658,0.22986320012665157,0.35935097340599337,-0.1294877732793418,0.23809576442564587,0.3384714209722126,-0.10037565654656674
783,0.23735920345730224,0.341941765552929,-0.10458256209562675,0.22362141152768966,0.3512345509399959,-0.12761313941230623,0.23988100039023835,0.3233972257188641,-0.08351622532862574
784,0.2362791616060877,0.3435240921958407,-0.10724493058975298,0.22497944673279863,0.35314083889498465,-0.12816139216218603,0.23503765977877022,0.3344388327401291,-0.09940117296135886
785,0.21242781705818675,0.3314908192029573,-0.11906300214477056,0.20196333685004977,0.3423981155210277,-0.14043477867097795,0.2070696373277066,0.32090636234800246,-0.11383672502029585
786,0.2228817287348208,0.3338850087387026,-0.1110032800038818,0.21141782058807007,0.34279902635512205,-0.13138120576705198,0.2229130259380254,0.31911508236008335,-0.09620205642205795
787,0.23061358101499171,0.3531525438780586,-0.1225389628630669,0.21506222801949418,0.36364588653363467,-0.1485836585141405,0.2355644534942247,0.328586354053128,-0.09302190055890333
788,0.2111102230194259,0.34723322530931666,-0.13612300228989077,0.19756857015842796,0.352275379148854,-0.15470680899042602,0.20741006186455324,0.33073442330514424,-0.123324361440591
789,0.23031377671487135,0.36703636522193817,-0.1367225885070668,0.21605193233982034,0.377017982190671,-0.16096604985085067,0.2340037844375794,0.35060143565728663,-0.11659765121970722
790,0.25818768128245334,0.33733602252861333,-0.07914834124615999,0.2467891762498894,0.34886348561757796,-0.10207430936768855,0.2618711577601902,0.32249771187646287,-0.06062655411627266
791,0.22545052519537406,0.31718019027284855,-0.09172966507747449,0.21208483835608752,0.32326023046636604,-0.11117539211027852,0.22380203926151698,0.3015297503663355,-0.07772771110481852
792,0.26650323005971455,0.34525280148534476,-0.07874957142563022,0.2500551250491073,0.35119324105117,-0.10113811600206268,0.264057329337565,0.32024195185240845,-0.05618462251484346
793,0.23371628117288984,0.3522119125659333,-0.11849563139304348,0.22522308678715247,0.3530589154819983,-0.12783582869484583,0.22816104143487587,0.33662393466788915,-0.10846289323301328
794,0.2509050923412657,0.35579139715294383,-0.10488630481167815,0.24370655685186368,0.35953159438793614,-0.11582503753607246,0.24945458850759755,0.33773557141056876,-0.0882809829029712
795,0.21057277060093693,0.3468447700149145,-0.13627199941397755,0.19398832127172433,0.3585676724951867,-0.16457935122346234,0.19778895751310255,0.3350945306417635,-0.13730557312866093
796,0.22847315875488908,0.33709967125849605,-0.10862651250360697,0.21698116167080994,0.3486118823199344,-0.13163072064912446,0.2352479490471691,0.32249157205441753,-0.08724362300724842
797,0.22914674530476925,0.344890112322561,-0.11574336701779175,0.21391686390538,0.3494695187836331,-0.13555265487825308,0.22962434961656034,0.32670479039024203,-0.09708044077368169
798,0.22312679825798937,0.3271207933423516,-0.10399399508436225,0.21252905363911145,0.33214394604159847,-0.11961489240248702,0.22770991544542615,0.3115409491325399,-0.08383103368711373
799,0.2416181769556227,0.3657845468279011,-0.12416636987227841,0.2295753719263933,0.3725712988689052,-0.14299592694251193,0.24944381805259583,0.3541636106683261,-0.10471979261573025
800,0.25741600211831733,0.34182621314831013,-0.0844102110299928,0.24941485394398902,0.34729491838075377,-0.09788006443676475,0.2765255911522358,0.3193805743292763,-0.042854983177040507
801,0.2157525739960422,0.32757386224375395,-0.11182128824771176,0.20360990278492067,0.3391850599403359,-0.1355751571554152,0.21734636471303118,0.31654572609025533,-0.09919936137722415
802,0.22173493674010059,0.3389438638512594,-0.11720892711115882,0.21672625426687062,0.3422895460082085,-0.12556329174133787,0.21537470218408325,0.32166521034415296,-0.10629050816006971
803,0.2262233529983937,0.34793984524248844,-0.12171649224409475,0.20976604607444832,0.3555264903041134,-0.14576044422966505,0.2235660435509321,0.3235446158220327,-0.0999785722711006
804,0.24900386360713606,0.3540237735325035,-0.10501990992536747,0.2371259918043571,0.3657059998953105,-0.1285800080909534,0.24883096584869305,0.33770696446874854,-0.08887599862005549
805,0.21941389698377106,0.3504608882833407,-0.13104699129956965,0.20440544793427484,0.3608944562853798,-0.15648900835110496,0.22514595308588226,0.33733757218746696,-0.1121916191015847
806,0.21353587215554534,0.3423049011188817,-0.12876902896333633,0.20073363700561808,0.35293908819004205,-0.15220545118442397,0.20796048823002086,0.3239450592512194,-0.11598457102119855
807,0.22324797481314804,0.35063653958062657,-0.12738856476747853,0.20894310799654986,0.35639920079350745,-0.1474560927969576,0.2151585363494335,0.32780212686036186,-0.11264359051092837
808,0.23461459651397346,0.3348341517524274,-0.10021955523845397,0.22398360595292416,0.34156780907040507,-0.11758420311748091,0.22981478301750344,0.32351619059286757,-0.09370140757536413
809,0.21179759971716308,0.346901233786515,-0.1351036340693519,0.20389007076827875,0.35216941904464866,-0.1482793482763699,0.21149266216766216,0.33375310576829276,-0.1222604436006306
810,0.24164682970806076,0.3544972247727124,-0.11285039506465164,0.231295533373634,0.3652965539864734,-0.13400102061283942,0.24025948983045,0.3399340266522338,-0.09967453682178382
811,0.24651874097781873,0.3598733335680828,-0.11335459259026409,0.2358286501492804,0.36554126518176117,-0.12971261503248077,0.24104883081605585,0.33017033430192655,-0.0891215034858707
812,0.22966075903045505,0.34881459979966706,-0.11915384076921201,0.21965117550196964,0.3523297140847701,-0.13267853858280046,0.2379309136184198,0.3288340719477163,-0.09090315832929649
813,0.2472371165996717,0.3449285195445629,-0.09769140294489118,0.23226835424515518,0.3554260910458294,-0.12315773680067421,0.25793495777001907,0.32472423363220193,-0.06678927586218286
814,0.2632920775854228,0.35786852371107103,-0.09457644612564825,0.2467434272586895,0.36980665536753077,-0.12306322810884127,0.2525261583457763,0.34555754108073156,-0.09303138273495526
815,0.23730737595256676,0.3573015656139189,-0.11999418966135214,0.22802868346968905,0.359040914128725,-0.13101223065903597,0.2384343617253706,0.3378862058169111,-0.09945184409154048
816,0.23685759131102935,0.3455336068007622,-0.10867601548973288,0.2218029092876452,0.35874171804848826,-0.13693880876084305,0.23447628137166757,0.3284782561820276,-0.09400197481036002
817,0.24662845056500715,0.33737617601840286,-0.09074772545339571,0.23912398815046762,0.3463309649095764,-0.10720697675910876,0.2500024945776375,0.324469944941044,-0.07446745036340646
818,0.2223770894081759,0.3316662645336332,-0.10928917512545727,0.2099276609722915,0.3395060201968459,-0.12957835922455438,0.23307618084445972,0.31493489032577976,-0.08185870948132004
819,0.2127052735453841,0.341917993888727,-0.1292127203433429,0.200671821936087,0.3519869112308012,-0.1513150892947142,0.21331833337343256,0.32521695403231343,-0.11189862065888087
820,0.2447485192620681,0.33415796476952075,-0.08940944550745267,0.225433304577301,0.34270374857365477,-0.11727044399635375,0.25182215065319874,0.32317951954695584,-0.0713573688937571
821,0.21861529255099033,0.3352921114799345,-0.11667681892894416,0.20345804120275332,0.33963812940672544,-0.13618008820397212,0.21673704402735394,0.32227237121783403,-0.10553532719048009
822,0.23115689092673666,0.3289682207309264,-0.09781132980418974,0.21677604724337574,0.34055948500252436,-0.12378343775914863,0.24162397032124386,0.3132470044578775,-0.07162303413663365
823,0.23057834710419806,0.34477263104526035,-0.11419428394106229,0.21449758417328119,0.35040258196017504,-0.13590499778689386,0.23184387764321865,0.32847109115013673,-0.09662721350691808
824,0.2406875022098737,0.3458566696020175,-0.1051691673921438,0.2273614406739642,0.35336666932287336,-0.12600522864890917,0.23035022995960772,0.31650552748587046,-0.08615529752626275
825,0.2613707738903064,0.3325884742716858,-0.07121770038137942,0.24739149141826633,0.33972538060149515,-0.09233388918322882,0.25269787124082665,0.3181737993282825,-0.06547592808745584
826,0.2233680060184702,0.35719177164947474,-0.13382376563100454,0.21304419844348635,0.3653335563590784,-0.15228935791559203,0.22115449770293444,0.33538846968998354,-0.1142339719870491
827,0.21870614821889486,0.33179648718535454,-0.11309033896645967,0.20560704987199052,0.3392405533336828,-0.13363350346169228,0.21117031479365447,0.31938374644896916,-0.10821343165531469
828,0.24526000862248262,0.3636337415550485,-0.1183737329325659,0.23626840108510677,0.3691723457684165,-0.13290394468330974,0.2433614025341408,0.3457456526357969,-0.10238425010165608
829,0.24270849231143826,0.3530937941780273,-0.11038530186658901,0.23014778220869328,0.35842934901570084,-0.12828156680700756,0.23864121704299843,0.33879985491904235,-0.10015863787604393
830,0.23895881986151118,0.3592951530755113,-0.12033633321400011,0.22312033651046295,0.3665654948017459,-0.14344515829128293,0.2398235943647588,0.3481384305272013,-0.10831483616244247
831,0.25377534690187914,0.3347991970149032,-0.08102385011302404,0.2402841495546113,0.3407431189523999,-0.10045896939778859,0.25550796129958797,0.3154140319654607,-0.059906070665872724
832,0.2321809486222611,0.3640873654569326,-0.1319064168346715,0.2179229148516116,0.3732279892578984,-0.1553050744062868,0.229163988752183,0.343504860182478,-0.114340871430295
833,0.2397313665184891,0.36069457522713855,-0.12096320870864946,0.2310945692894595,0.36600013476620386,-0.13490556547674434,0.2320509393042296,0.3342464404520342,-0.10219550114780462
834,0.24979907579713248,0.32987750549077505,-0.08007842969364257,0.23488817021629227,0.33667237712655396,-0.10178420691026169,0.24472417650708417,0.29572193604001834,-0.05099775953293417
835,0.24835511258186463,0.3321649967228415,-0.08380988414097687,0.24306194212768456,0.3353523371940094,-0.09229039506632486,0.2531120738941341,0.3173196858996901,-0.06420761200555603
836,0.2402817827876467,0.35882407700047914,-0.11854229421283244,0.23115792751730238,0.3647743454344766,-0.13361641791717424,0.23780351244487302,0.34233262568261064,-0.10452911323773761
837,0.23081973073862833,0.33160845818750073,-0.1007887274488724,0.21849338831983123,0.3378014061781886,-0.11930801785835737,0.22943995438236237,0.304532353739562,-0.07509239935719964
838,0.23594576085954372,0.3408404160354303,-0.10489465517588659,0.22312852869526675,0.3534870546215719,-0.13035852592630512,0.2415122474280869,0.3121527969312775,-0.0706405495031906
839,0.24765588863962637,0.3877324547839122,-0.14007656614428585,0.2322787237199761,0.39052035225674253,-0.15824162853676643,0.24151717927461133,0.3724558677725673,-0.13093868849795595
840,0.24494348108689262,0.3389916868198049,-0.09404820573291228,0.23507286291548954,0.34362865097096407,-0.10855578805547453,0.2536885214139975,0.32282971471770927,-0.06914119330371177
841,0.2418724015900989,0.34936407716306694,-0.10749167557296804,0.23610609519370176,0.3538149436212052,-0.11770884842750343,0.2469889257582101,0.332589158058405,-0.0856002323001949
842,0.25077281720291356,0.3607981455816536,-0.11002532837874002,0.24138952453404902,0.36460927112375263,-0.12321974658970361,0.2543986664192805,0.34389765743868245,-0.08949899101940195
843,0.23131169889306386,0.3071447874158712,-0.07583308852280735,0.21519905006370793,0.3156704563522631,-0.10047140628855517,0.21690673280079506,0.28820548916333655,-0.07129875636254149
844,0.22650488652430256,0.3364458749368929,-0.10994098841259031,0.21340335680057795,0.34629032466636045,-0.1328869678657825,0.22556273689872494,0.3216678067763965,-0.09610506987767156
845,0.24155019015861032,0.3440282892707528,-0.10247809911214248,0.22963057409651902,0.35157103657476624,-0.12194046247824722,0.23873522992708182,0.33000792278105107,-0.09127269285396925
846,0.22522564483626054,0.3520390356352638,-0.12681339079900325,0.21327127278217503,0.3580099939162599,-0.1447387211340849,0.2103748913618792,0.33033451929461355,-0.11995962793273435
847,0.20647194243091524,0.3524764125673114,-0.14600447013639614,0.1971177079651275,0.36281408349936245,-0.16569637553423494,0.21043706396491996,0.3392132925055033,-0.12877622854058335
848,0.2382341852811528,0.34741677039640834,-0.10918258511525553,0.2224125938323241,0.3564584002196748,-0.1340458063873507,0.24131099084083,0.33504042268235873,-0.09372943184152874
849,0.20251315852162036,0.34561739135176184,-0.14310423283014148,0.19031651415127984,0.3541035866272449,-0.16378707247596505,0.20717583839776327,0.336764466023616,-0.12958862762585271
850,0.2255223722695283,0.3365703744789753,-0.11104800220944702,0.21328160385373462,0.3460754016654071,-0.1327937978116725,0.22290242049709763,0.32772150924795984,-0.10481908875086221
851,0.22696126767497773,0.34271217881047344,-0.11575091113549571,0.21169913490428133,0.34855827043115445,-0.13685913552687312,0.21563647347383694,0.32356562719155607,-0.10792915371771913
852,0.22801444222656125,0.34452575090187354,-0.11651130867531229,0.21907426758747656,0.34755541444354354,-0.12848114685606699,0.2348067703865073,0.3284655869003225,-0.09365881651381522
853,0.22455980552635788,0.3233376616353419,-0.09877785610898401,0.20853474409011605,0.336225529553486,-0.12769078546336995,0.2257166465264542,0.31069184974725733,-0.08497520322080312
854,0.22825984481154532,0.32933271157602,-0.10107286676447469,0.21415451818464423,0.33577547465767094,-0.1216209564730267,0.22488588244063673,0.3150100226270051,-0.09012414018636838
855,0.24185278775777905,0.34143957339744446,-0.09958678563966541,0.22902381349242804,0.34986275979952985,-0.12083894630710182,0.25461181515527986,0.3280145577146546,-0.07340274255937473
856,0.2167086528561721,0.35733398418518436,-0.14062533132901225,0.2112193412159554,0.3633997014397828,-0.1521803602238274,0.21601009079721858,0.34643764773002433,-0.13042755693280575
857,0.22388657536707313,0.3585167309557728,-0.13463015558869967,0.21122332419987372,0.36251951515964204,-0.15129619095976832,0.21654660892792446,0.3395247121095973,-0.12297810318167282
858,0.23823473261917744,0.3488864311997886,-0.11065169858061119,0.22363355783744912,0.35914287256072497,-0.13550931472327585,0.24038786266098627,0.33307707252172764,-0.09268920986074136
859,0.2205958682915971,0.3365980168178063,-0.11600214852620921,0.20639087449833438,0.35053230785044615,-0.14414143335211177,0.22233226570334838,0.3206969289877822,-0.0983646632844338
860,0.21976140996414673,0.3474770932169925,-0.12771568325284577,0.20860810262652701,0.3588608310783652,-0.15025272845183818,0.21909713263176545,0.3371625757520929,-0.11806544312032746
861,0.24417163677039586,0.3226922533794015,-0.07852061660900564,0.2293046610615284,0.33284236915809107,-0.10353770809656268,0.24029995033215396,0.30373014890023764,-0.06343019856808368
862,0.26236005740398655,0.35739263491618356,-0.09503257751219701,0.2528437661615602,0.3627184269896417,-0.1098746608280815,0.2576922214029427,0.3398633960960812,-0.0821711746931385
863,0.21884326859766046,0.33748606854701246,-0.118642799949352,0.20962935286726506,0.3496811584237045,-0.14005180555643945,0.22441425311530094,0.3159890381602734,-0.09157478504497246
864,0.2423600638733994,0.347108332671587,-0.10474826879818763,0.22523162958960052,0.35835369948561835,-0.13312206989601783,0.24190660734681235,0.32874425609928876,-0.0868376487524764
865,0.2220914346367709,0.3577757746273521,-0.13568433999058122,0.20812005543291306,0.36562090753697174,-0.15750085210405868,0.21455669605848848,0.34415251261525265,-0.12959581655676417
866,0.21991469254207902,0.32797066304084455,-0.10805597049876553,0.20650349245303154,0.3329064410999743,-0.12640294864694276,0.2205538548136262,0.31436734645536396,-0.09381349164173777
867,0.25342821052843373,0.3363842594874877,-0.08295604895905395,0.2451553686608691,0.34698473985984823,-0.10182937119897914,0.2578782473330861,0.3195493440516833,-0.06167109671859716
868,0.24592143836431501,0.360772753595789,-0.11485131523147396,0.22556687250343893,0.3703776505611347,-0.14481077805769577,0.22384250539783745,0.34585560490439776,-0.12201309950656031
869,0.2504197945551112,0.3328946903614278,-0.08247489580631662,0.23557834043187098,0.34841176948596525,-0.11283342905409427,0.24653986601740924,0.3242092557953137,-0.07766938977790444
870,0.22106828568205283,0.32259159601113685,-0.10152331032908402,0.212083990640968,0.32785052789551206,-0.11576653725454406,0.21759769005738053,0.30436412979341354,-0.08676643973603301
871,0.2262168019334847,0.3446082976299061,-0.11839149569642138,0.2158021533247658,0.35132532762877006,-0.13552317430400426,0.2239211480548896,0.319709896508898,-0.09578874845400837
872,0.25321533488380005,0.34970459294135436,-0.09648925805755432,0.23763414182409967,0.3643132861093676,-0.12667914428526791,0.2458488572419226,0.34342308401881716,-0.09757422677689456
873,0.2462898363468306,0.3357365047247599,-0.0894466683779293,0.2339124726188315,0.3404368319206817,-0.1065243593018502,0.24237657283442762,0.3135981292063052,-0.07122155637187758
874,0.22883275554297264,0.33698753958785976,-0.10815478404488713,0.2144458247646676,0.34854107527884687,-0.13409525051417928,0.22340755485804092,0.33482344784915996,-0.11141589299111904
875,0.23581159750737488,0.3571353756390617,-0.12132377813168685,0.22172491326480684,0.3684215289605952,-0.14669661569578837,0.234698753819237,0.3445740695972018,-0.10987531577796483
876,0.23703780665667035,0.34739195486306684,-0.1103541482063965,0.22590014127461944,0.35348597632595025,-0.1275858350513308,0.22576387137712103,0.3350601510159897,-0.10929627963886865
877,0.2382933031889282,0.34170557097651794,-0.10341226778758975,0.22625266626544202,0.34733519148695857,-0.12108252522151655,0.23498916187750762,0.3201707827346291,-0.0851816208571215
878,0.2095050899771878,0.34029508298030303,-0.13078999300311522,0.20049402190852508,0.3541922668813894,-0.1536982449728643,0.22002978109868399,0.33126476674742505,-0.11123498564874107
879,0.22266887761427676,0.32702362168343657,-0.10435474406915982,0.21201511660839878,0.33710111533776377,-0.125085998729365,0.22854141578153897,0.31535387520798774,-0.08681245942644877
880,0.23692405916287218,0.3168680142478719,-0.07994395508499974,0.22539128356344898,0.32383227169329176,-0.09844098812984278,0.2338692290477016,0.30355396690025227,-0.06968473785255067
881,0.21457176268430492,0.34674526814052314,-0.13217350545621823,0.20268428181858114,0.3527380813184679,-0.15005379949988676,0.21288651264340377,0.3370227925649076,-0.1241362799215038
882,0.24689017357444468,0.33018923617041523,-0.08329906259597056,0.23643441852567987,0.34405728586196394,-0.10762286733628407,0.25104078763243776,0.3236342326525598,-0.07259344502012205
883,0.24632993147042012,0.3436496508298624,-0.09731971935944225,0.23706971788075623,0.3520094633188495,-0.1149397454380933,0.24508697407974792,0.3338916575169051,-0.08880468343715717
884,0.23156782308894314,0.34449759006234587,-0.11292976697340273,0.21571456229040958,0.35083257652506616,-0.13511801423465658,0.23827707203829712,0.3288035728978822,-0.09052650085958508
885,0.22164923243294865,0.34352678884451704,-0.12187755641156839,0.21012516207987939,0.3507183704294032,-0.1405932083495238,0.2165813838450308,0.32852945183559185,-0.11194806799056103
886,0.2243425398922742,0.35131894237322286,-0.12697640248094866,0.21195293858337966,0.3607102927983888,-0.14875735421500913,0.23204076343409513,0.3387955187686845,-0.10675475533458939
887,0.2552471767823124,0.34934665028790696,-0.09409947350559456,0.24151326611224555,0.35275988848086,-0.11124662236861443,0.246833381987894,0.3271436645500661,-0.0803102825621721
888,0.24421426612380412,0.3294400262820867,-0.08522576015828257,0.23091548205791348,0.3376695833496065,-0.10675410129169302,0.236184273435114,0.31551128184337557,-0.07932700840826157
889,0.21256922061183695,0.34810923814408956,-0.13554001753225262,0.20687357970173534,0.35572913394770556,-0.14885555424597022,0.22010516713337347,0.327641240354326,-0.10753607322095254
890,0.21234400916402635,0.32963522337076195,-0.1172912142067356,0.20024018925715192,0.3447516860087099,-0.144511496751558,0.21360237521607936,0.3131492877986113,-0.09954691258253193
891,0.21644677177319852,0.34665787976682283,-0.13021110799362431,0.20086768253970186,0.3560550290820394,-0.15518734654233754,0.20620802441286704,0.3266956988261018,-0.12048767441323474
892,0.2578880347009015,0.3648521242220965,-0.10696408952119502,0.24832410197159613,0.3710418558975962,-0.12271775392600007,0.26355638352128186,0.34493297189131206,-0.0813765883700302
893,0.21092202414608485,0.3383886642917369,-0.12746664014565207,0.20167372656926885,0.343705842794789,-0.14203211622552014,0.20747006918395977,0.32196527531883856,-0.11449520613487879
894,0.2640750697098488,0.32949510531177717,-0.06542003560192838,0.24549564991911854,0.3399607051273565,-0.09446505520823795,0.270797075608593,0.31227439146840674,-0.041477315859813735
895,0.25469784205327345,0.33618968682197053,-0.08149184476869709,0.24259587823738107,0.34096285732806714,-0.09836697909068606,0.2528997324953922,0.30598552267610685,-0.05308579018071463
896,0.22766693262918958,0.3484545948761788,-0.12078766224698922,0.22154889249898368,0.35428197429466757,-0.13273308179568388,0.22348822069573543,0.33572670260356674,-0.11223848190783131
897,0.23247718035886025,0.33442671752341,-0.10194953716454977,0.22065733481158517,0.3446950571110451,-0.12403772229945992,0.2230677340366398,0.3103785757433354,-0.08731084170669559
898,0.2145752240777998,0.34519220673506273,-0.13061698265726293,0.20383700373506808,0.35563951800169546,-0.1518025142666274,0.21620684539209448,0.32583271466025165,-0.10962586926815718
899,0.22626540894988148,0.34877591502195315,-0.12251050607207167,0.2136848575150265,0.3587534846299034,-0.14506862711487692,0.21873128252893373,0.3291228191905079,-0.11039153666157417
900,0.22932696504437028,0.3489019636972551,-0.11957499865288485,0.211808968249689,0.35443202809720437,-0.14262305984751536,0.2222372782736894,0.33125817256954926,-0.10902089429585987
901,0.2573106453123386,0.3272673769684676,-0.06995673165612898,0.24302165247949462,0.33070011167564267,-0.08767845919614806,0.25516387837473703,0.30992493588472736,-0.05476105750999033
902,0.22791961349475007,0.3515696107522051,-0.12364999725745504,0.21238312463770406,0.3553070695074383,-0.14292394486973423,0.22800869164065246,0.3339294279170378,-0.10592073627638532
903,0.23331377333669684,0.3276552711756718,-0.09434149783897494,0.21901418046043208,0.33764345964502857,-0.11862927918459648,0.22211707340554168,0.3119009372662402,-0.0897838638606985
904,0.2298326964171888,0.35117901831311416,-0.12134632189592537,0.2173763875246625,0.35377871503315533,-0.13640232750849282,0.23291705093016898,0.33375680324866575,-0.10083975231849676
905,0.23735180166469858,0.3262864320386614,-0.08893463037396285,0.22827231260936362,0.3370982694414116,-0.10882595683204796,0.24840260001633543,0.31355901085211974,-0.0651564108357843
906,0.2306102024462461,0.347199279187467,-0.1165890767412209,0.22224245869166823,0.3582573969001316,-0.13601493820846336,0.23018866597064713,0.3306890657608242,-0.10050039979017705
907,0.235532578157237,0.3484524497782269,-0.11291987162098993,0.2264384268945267,0.3539332947037912,-0.1274948678092645,0.23454176322273754,0.3265507931686838,-0.09200902994594626
908,0.2321564591564434,0.33842346871456097,-0.10626700955811758,0.21983559510741252,0.34796995635845157,-0.12813436125103905,0.22918318304664687,0.32039157720804473,-0.09120839416139787
909,0.22999249526561213,0.3283337776708971,-0.09834128240528497,0.21607205816409653,0.339215326493233,-0.12314326832913647,0.23186150086104604,0.30451318621502876,-0.07265168535398273
910,0.2277182368727299,0.33031032932625504,-0.10259209245352513,0.21015448695602543,0.3436737734100237,-0.13351928645399827,0.22079309674486816,0.31440253460817774,-0.09360943786330958
911,0.23387344038014476,0.33994883039769147,-0.1060753900175467,0.21883005453038692,0.34894834349405496,-0.13011828896366803,0.23185367894043032,0.32110469552776716,-0.08925101658733683
912,0.2335222229599246,0.332302017456378,-0.09877979449645338,0.22147025762926273,0.3522559506232836,-0.13078569299402085,0.23434473572977732,0.3190725896463516,-0.08472785391657428
913,0.24184877776355246,0.3192133460594462,-0.07736456829589372,0.2280260100070392,0.33186401625758394,-0.10383800625054473,0.242294853899081,0.3140559315440992,-0.07176107764501821
914,0.2287026993688634,0.3518984665705841,-0.12319576720172071,0.21776740376188325,0.3558988014394498,-0.13813139767756655,0.2207378655499471,0.3238788125516259,-0.10314094700167883
915,0.2438202494398894,0.33950743945885636,-0.09568719001896697,0.22776994108757292,0.3453633440329254,-0.11759340294535248,0.2373352263144567,0.32347508557734356,-0.08613985926288686
916,0.2313092946887459,0.34077872613953913,-0.10946943145079324,0.2150262678071164,0.3469275822298156,-0.13190131442269923,0.22209889460586923,0.317356709400247,-0.09525781479437778
917,0.2636596415115668,0.32244680674601545,-0.05878716523444866,0.253207481356813,0.3398162137262101,-0.08660873236939715,0.262381626907663,0.29885898681338147,-0.03647735990571849
918,0.24344559161022275,0.350385357392899,-0.10693976578267625,0.23317670190940704,0.3594423861845494,-0.12626568427514234,0.2367407117996118,0.3391318543170743,-0.10239114251746251
919,0.23864228943190033,0.3277600987062145,-0.08911780927431415,0.22364162553435865,0.3365058808486646,-0.11286425531430597,0.23071062137617496,0.31308355760713785,-0.0823729362309629
920,0.2342131444432488,0.3433744961257399,-0.10916135168249108,0.22091878490265515,0.35469423816396,-0.13377545326130486,0.22845826050853416,0.3307210175994073,-0.10226275709087315
921,0.2332472097917158,0.3485705744896371,-0.11532336469792129,0.2252745837498422,0.35334001252199043,-0.12806542877214824,0.2226785724174875,0.32755417696010736,-0.10487560454261985
922,0.23613985618763464,0.3402376564888748,-0.10409780030124013,0.22642892572667708,0.34744808975999025,-0.12101916403331317,0.2369366182830953,0.3188371616863396,-0.08190054340324426
923,0.24475978871295911,0.3381310311242657,-0.09337124241130657,0.23491589861491577,0.3450358621148868,-0.11011996349997102,0.23902663604421545,0.3242744908843118,-0.08524785484009637
924,0.23914346107411177,0.3516507360056553,-0.1125072749315435,0.21927178236166936,0.36614618479059996,-0.1468744024289306,0.23589017092508632,0.3354370880759988,-0.09954691715091249
925,0.22775117846693374,0.3280839930264432,-0.10033281455950946,0.21413949570776108,0.3352721194225539,-0.12113262371479283,0.22797586642302395,0.30902206104311686,-0.08104619462009291
926,0.24009379155782118,0.32931931080222393,-0.08922551924440275,0.22472553236401807,0.3348285432073765,-0.11010301084335841,0.23266841724400902,0.3085112289954335,-0.07584281175142446
927,0.2250817894942464,0.3333531266476599,-0.10827133715341353,0.2180123436150561,0.3387778309664828,-0.1207654873514267,0.22626237753023354,0.3153463204379866,-0.08908394290775307
928,0.25316175732057605,0.3417891824265611,-0.08862742510598504,0.24431064864326182,0.35077751263406964,-0.10646686399080782,0.26148439985992444,0.33044514144569465,-0.0689607415857702
929,0.23437529472480506,0.3336095706629648,-0.09923427593815976,0.2227846661844947,0.34710079681724954,-0.12431613063275485,0.23316761654407295,0.32142659155902786,-0.08825897501495492
930,0.23196073116438626,0.34198602573307957,-0.11002529456869331,0.22068902945242833,0.35178240727288784,-0.13109337782045952,0.23348611477065678,0.330031155635532,-0.0965450408648752
931,0.2219446792604985,0.3399743491488931,-0.11802966988839458,0.20939313477592433,0.3415388292822441,-0.13214569450631977,0.2147531117614287,0.31732673555735996,-0.10257362379593127
932,0.21008938165200303,0.3497054578863554,-0.13961607623435235,0.200507207494884,0.35974086583696885,-0.15923365834208486,0.1997890671366032,0.3425961733056355,-0.14280710616903233
933,0.24142314285767608,0.34684885704535795,-0.10542571418768187,0.22692932842869068,0.3497412922002057,-0.12281196377151504,0.2445087614128853,0.32441225492509357,-0.07990349351220827
934,0.2313196839039052,0.3476149920186515,-0.11629530811474628,0.21276571722492213,0.3618016848002291,-0.149035967575307,0.2210375830596549,0.34428071475014105,-0.12324313169048615
935,0.242770888942556,0.3553666175604983,-0.11259572861794231,0.23479160442812766,0.35984352150074983,-0.12505191707262217,0.24661523904311677,0.3385498855293407,-0.0919346464862239
936,0.23324237377672644,0.3309678233009315,-0.09772544952420506,0.22172178572250087,0.33915593662382687,-0.117434150901326,0.22957172108732085,0.31124915281886895,-0.0816774317315481
937,0.24674282072850398,0.3352365797558501,-0.0884937590273461,0.23616966423251437,0.3437101435048198,-0.10754047927230545,0.25982774079298915,0.3186041852962107,-0.05877644450322156
938,0.2489083014178613,0.35122319073713776,-0.10231488931927646,0.2397591351211902,0.36402767601884306,-0.12426854089765285,0.25673985248451203,0.3413159604474433,-0.08457610796293125
939,0.2371952496118236,0.36380715353494336,-0.12661190392311977,0.22481051423893006,0.3730517751027708,-0.14824126086384076,0.24177218254364607,0.3368060349315159,-0.09503385238786982
940,0.25755478284424643,0.36138488672603264,-0.1038301038817862,0.24776011408155543,0.36820100100632264,-0.1204408869247672,0.2574198220826299,0.34668215395940344,-0.08926233187677352
941,0.24413785754975303,0.3528111919358944,-0.10867333438614135,0.23652493333382388,0.3634359766618242,-0.12691104332800032,0.24623738699827322,0.3345575848278615,-0.0883201978295883
942,0.20723815621152714,0.35669842762914494,-0.1494602714176178,0.1945724222272141,0.3601297678942225,-0.16555734566700842,0.19809018860084301,0.33452111332789985,-0.13643092472705684
943,0.26081853348132383,0.3499058362115604,-0.08908730273023657,0.2501918750491317,0.3556827391615378,-0.1054908641124061,0.2513457785497727,0.33085525798083365,-0.07950947943106096
944,0.22450375613321694,0.3451349576408069,-0.12063120150758999,0.2164468408444079,0.3508305669241222,-0.13438372607971427,0.24076348130406658,0.3212073817678775,-0.08044390046381092
945,0.24494370995039633,0.34718148619783507,-0.10223777624743874,0.2295405574317863,0.35473363414906617,-0.12519307671727986,0.24249225970974544,0.33140199468871023,-0.08890973497896479
946,0.24082396786094706,0.3361143957865865,-0.09529042792563941,0.22482821485620078,0.3484894290193949,-0.12366121416319412,0.2349034581249612,0.3217557500657522,-0.086852291940791
947,0.22584724687558366,0.33867070476923844,-0.11282345789365478,0.21807078805635588,0.3463767686612981,-0.1283059806049422,0.23667477609994583,0.3237449407459765,-0.08707016464603065
948,0.21921001107090554,0.3319953050974633,-0.11278529402655774,0.21151179049135366,0.3402439144764844,-0.12873212398513073,0.22643949967933857,0.30610432159666684,-0.07966482191732827
949,0.2381676005608336,0.34462252039272456,-0.10645491983189095,0.2225036623831057,0.3524805393828219,-0.12997687699971622,0.22651966477214652,0.3273604640967325,-0.10084079932458595
950,0.22141135557891164,0.34011388185672575,-0.11870252627781411,0.21308659207643424,0.3439758620890647,-0.13088927001263048,0.224993636000656,0.3196402527487788,-0.09464661674812277
951,0.2214157963415188,0.33661664456766777,-0.11520084822614896,0.20756124264834755,0.3427123661480578,-0.13515112349971023,0.22941854056248448,0.3199164157931847,-0.09049787523070021
952,0.21246116785890135,0.3341069392328453,-0.12164577137394395,0.20175527898354662,0.3367507318219734,-0.1349954528384268,0.20887751111526237,0.31378500282118543,-0.10490749170592306
953,0.22597950245578372,0.3400846292987808,-0.11410512684299709,0.21462813824342516,0.350367001737035,-0.13573886349360983,0.2180645373114171,0.32633593954589135,-0.10827140223447426
954,0.24975077099506904,0.3468944559667575,-0.09714368497168846,0.2370188141637632,0.3569228560397384,-0.1199040418759752,0.2498878539429193,0.3342061943393534,-0.0843183403964341
955,0.23157153560481683,0.34847530810835237,-0.11690377250353554,0.21609304039031424,0.35450997724856936,-0.13841693685825512,0.22094068385722462,0.33422304319385976,-0.11328235933663514
956,0.23601744665198823,0.3336359140517979,-0.09761846739980964,0.21859457403351518,0.3411386598592213,-0.12254408582570614,0.23090681815517283,0.32378062444038014,-0.0928738062852073
957,0.22908843694909437,0.3493788939453193,-0.12029045699622493,0.21684401290455893,0.3479438719245474,-0.13109985901998847,0.21439754883103287,0.32715462319652244,-0.11275707436548957
958,0.24108116685370867,0.3524073732302916,-0.11132620637658291,0.22517132329323242,0.36420715865134434,-0.13903583535811193,0.22863386568249636,0.3321341575002138,-0.10350029181771744
959,0.2288534620047331,0.32359649730496803,-0.09474303530023492,0.21689968079107,0.3275644929294538,-0.11066481213838378,0.23438436867127718,0.3049328341839775,-0.0705484655127003
960,0.21614261229317544,0.346828515003556,-0.13068590271038055,0.20308583119007736,0.3509962327391321,-0.14791040154905474,0.21631509124520196,0.32267136311804107,-0.10635627187283911
961,0.2523781042308692,0.3398185243233065,-0.0874404200924373,0.24105168761058393,0.3431105052817452,-0.10205881767116126,0.24830176882529004,0.31946557237727596,-0.07116380355198593
962,0.24517408802071722,0.32958468522296797,-0.08441059720225075,0.23210647415706864,0.33540671846039377,-0.10330024430332513,0.23425311230452014,0.30522202863017295,-0.0709689163256528
963,0.22143732035367142,0.3367189373757222,-0.11528161702205081,0.20948442251954227,0.33777362683475176,-0.1282892043152095,0.22321411118147788,0.31543188163656577,-0.09221777045508789
964,0.22379160458839745,0.3287915716335493,-0.10499996704515183,0.21249342954029138,0.33790151478558517,-0.1254080852452938,0.21580471435514667,0.3158802201502842,-0.10007550579513755
965,0.23189487820787208,0.338664430809054,-0.10676955260118193,0.21970724373106312,0.3439477045880888,-0.1242404608570257,0.2335044106879909,0.3185858067152359,-0.08508139602724499
966,0.2155916014070085,0.33147540241703244,-0.11588380101002393,0.20526757798427156,0.3386232442812625,-0.13335566629699094,0.21491209287202098,0.31579151670525946,-0.10087942383323847
967,0.2345106000862742,0.33894494914029094,-0.10443434905401675,0.22445264995133835,0.344679341417978,-0.12022669146663967,0.24282296025281236,0.32407219849454205,-0.0812492382417297
968,0.2280221756994036,0.35896505241655086,-0.13094287671714724,0.2203238275963528,0.3612313400272742,-0.1409075124309214,0.22574365868587665,0.33825050392467015,-0.11250684523879351
969,0.24284710004162322,0.3496886792576587,-0.10684157921603546,0.2292014109702919,0.3576271059086887,-0.12842569493839678,0.24417034318504383,0.3340571012786073,-0.0898867580935635
970,0.2300450201085642,0.3452048995849137,-0.11515987947634948,0.22380801072613402,0.35155184758879454,-0.12774383686266053,0.23177814870111146,0.3277781990658941,-0.09600005036478265
971,0.22464695687660075,0.32908678189099366,-0.10443982501439292,0.21060069239194812,0.3373419400960797,-0.1267412477041316,0.22225090444541312,0.30697723493371054,-0.08472633048829742
972,0.2387417635252415,0.33270317579866054,-0.09396141227341903,0.22554085850632255,0.34605498583546945,-0.1205141273291469,0.23123599385477944,0.3220422301986257,-0.09080623634384627
973,0.2223350724893075,0.3464879067977285,-0.124152834308421,0.2108037404506093,0.3549033861479027,-0.1440996456972934,0.21816358893586213,0.3284211245097188,-0.11025753557385665
974,0.2508872084328027,0.33359727554892665,-0.08271006711612394,0.23272459039012325,0.3464243124189528,-0.11369972202882953,0.24388517359182185,0.3146597306765561,-0.07077455708473426
975,0.26309820653178567,0.34179443396707254,-0.07869622743528687,0.24898540757237478,0.346617612656806,-0.09763220508443124,0.2585739104116717,0.323139429349661,-0.06456551893798929
976,0.23625162414171821,0.3615399644866533,-0.1252883403449351,0.2302126717463712,0.3709673907225477,-0.1407547189761765,0.24242521393520475,0.3476081676154882,-0.10518295368028344
977,0.23864228885270045,0.3312593422721276,-0.09261705341942716,0.2291949721156617,0.3369671059713634,-0.10777213385570172,0.2442346891025036,0.3130043840424108,-0.06876969493990723
978,0.26480084480669164,0.352285950573951,-0.08748510576725937,0.2522517990715009,0.36330883545876147,-0.11105703638726055,0.27584774882591545,0.3390247080598189,-0.06317695923390343
979,0.2665882358588227,0.3349430540174831,-0.0683548181586604,0.2553454945508124,0.3481213234336829,-0.0927758288828705,0.27210615455855364,0.3210891721703532,-0.04898301761179957
980,0.23100905412984157,0.3311452975659071,-0.10013624343606553,0.22167682371207723,0.3433459038394863,-0.1216690801274091,0.22436411905912382,0.3110411598622521,-0.0866770408031283
981,0.2279585373931981,0.34624899857730057,-0.11829046118410247,0.2111496256836534,0.3526687834955015,-0.14151915781184812,0.21737041968703436,0.31674809792450176,-0.0993776782374674
982,0.24670976876096778,0.3503119002725431,-0.10360213151157532,0.23372375338688028,0.3561803430759231,-0.12245658968904283,0.24359642237962695,0.334622310809979,-0.09102588843035206
983,0.2097886908386253,0.3557810847364816,-0.14599239389785632,0.19244710594169132,0.36167124526761035,-0.16922413932591904,0.2153087830566657,0.32733812216742203,-0.11202933911075633
984,0.21692723626158741,0.33673842397949627,-0.11981118771790886,0.20690534805765123,0.34482008885135035,-0.13791474079369911,0.22217298365926635,0.31870085310863877,-0.09652786944937242
985,0.23737052254619737,0.32697914927782584,-0.08960862673162848,0.22773958731115052,0.3318448460171459,-0.10410525870599541,0.24534222034532827,0.3140411642906745,-0.06869894394534626
986,0.24454999972196867,0.34927931813826385,-0.10472931841629518,0.22875193572477687,0.3622943957286196,-0.13354246000384273,0.24005539106095666,0.32888608991999946,-0.0888306988590428
987,0.22097739629328594,0.35318206252877266,-0.1322046662354867,0.20793369641674903,0.3580536287423303,-0.1501199323255813,0.22084035870401666,0.33439973022703934,-0.11355937152302267
988,0.23244766206108156,0.3613954257318714,-0.12894776367078983,0.22066505984312917,0.36944122307090316,-0.14877616322777398,0.22611710458621437,0.3443028401772096,-0.11818573559099521
989,0.20710103572538371,0.3429815680428761,-0.1358805323174924,0.19554389674726122,0.35143870356249923,-0.155894806815238,0.20314586882773222,0.32702377754937484,-0.12387790872164262
990,0.225918710336041,0.3382901954002667,-0.11237148506422573,0.21013504843813957,0.344869262874102,-0.13473421443596245,0.21957559042826055,0.31769506400969616,-0.0981194735814356
991,0.21888956434991505,0.36919168042226147,-0.15030211607234642,0.20966201661803885,0.3783275412510939,-0.16866552463305506,0.23146245413684505,0.3527610742928077,-0.12129862015596263
992,0.23157113992089354,0.33097798844588716,-0.09940684852499362,0.2217120733191112,0.34204015428661205,-0.12032808096750086,0.23621486942288167,0.3116757996126207,-0.07546093018973904
993,0.230249100100149,0.35016754224834373,-0.11991844214819472,0.2163480001614962,0.35970703407031657,-0.14335903390882038,0.21796926820157259,0.32820392171031243,-0.11023465350873984
994,0.2690688373604793,0.33536399706729486,-0.06629515970681554,0.26241428845536413,0.3435513593188907,-0.08113707086352656,0.28371658138387973,0.32085998125298965,-0.03714339986910992
995,0.2620666485783585,0.35129473120352434,-0.08922808262516585,0.24883080611787006,0.3572215486432904,-0.10839074252542036,0.25969746260429416,0.32376199000180905,-0.06406452739751489
996,0.22145692167856412,0.3308873199341975,-0.10943039825563339,0.2077404725081348,0.3394658326908469,-0.1317253601827121,0.2209448326402253,0.311957783983906,-0.0910129513436807
997,0.2295980055409005,0.35538502527654087,-0.12578701973564035,0.21980258349586332,0.35741945429507554,-0.13761687079921223,0.2314493787518272,0.3401298268402576,-0.10868044808843041
998,0.26931193329824216,0.3478617833902312,-0.07854985009198906,0.2605505385624065,0.35026659180453756,-0.08971605324213106,0.2612098121129231,0.323670990507382,-0.062461178394458916
999,0.2249328872620721,0.3439113595752654,-0.1189784723131933,0.20705986639891386,0.34879055269391057,-0.14173068629499672,0.20841713558723488,0.32635447317424265,-0.11793733758700778
1000,0.233362567166432,0.32528709592344085,-0.09192452875700885,0.21603617538465072,0.3398020563665206,-0.12376588098186989,0.22550155410797168,0.3126329682885521,-0.0871314141805804
